workload,input_bytes,sample,records,seconds,records_per_second,input_bytes_per_second,allocations_per_record,allocated_bytes_per_record
regions/map,47,0,642816,0.300003500,2142695,100706665,6.000000,392.000000
regions/map,47,1,651168,0.300007792,2170504,102013670,6.000000,392.000000
regions/map,47,2,658592,0.300008666,2195243,103176433,6.000000,392.000000
regions/map,47,3,650528,0.300005208,2168389,101914284,6.000000,392.000000
regions/map,47,4,655616,0.300011167,2185305,102709350,6.000000,392.000000
regions/map,47,5,648224,0.300010833,2160669,101551426,6.000000,392.000000
regions/map,47,6,653344,0.300008833,2177749,102354213,6.000000,392.000000
regions/nested_map,47,0,649024,0.300001084,2163406,101680059,6.000000,392.000000
regions/nested_map,47,1,647456,0.300006458,2158140,101432590,6.000000,392.000000
regions/nested_map,47,2,655072,0.300013500,2183475,102623329,6.000000,392.000000
regions/nested_map,47,3,649184,0.300007917,2163890,101702809,6.000000,392.000000
regions/nested_map,47,4,650112,0.300002167,2167024,101850144,6.000000,392.000000
regions/nested_map,47,5,655072,0.300005917,2183530,102625923,6.000000,392.000000
regions/nested_map,47,6,650944,0.300008042,2169755,101978493,6.000000,392.000000
regions/indexed,47,0,623168,0.300002917,2077206,97628704,6.000000,392.000000
regions/indexed,47,1,627552,0.300015334,2091733,98311455,6.000000,392.000000
regions/indexed,47,2,626176,0.300006708,2087207,98098713,6.000000,392.000000
regions/indexed,47,3,626336,0.300009583,2087720,98122839,6.000000,392.000000
regions/indexed,47,4,620288,0.300000208,2067625,97178386,6.000000,392.000000
regions/indexed,47,5,625760,0.300002584,2085849,98034889,6.000000,392.000000
regions/indexed,47,6,628352,0.300004917,2094472,98440200,6.000000,392.000000
regions/reduce,47,0,656000,0.300003750,2186639,102772049,4.000000,248.000000
regions/reduce,47,1,653920,0.300006500,2179686,102445247,4.000000,248.000000
regions/reduce,47,2,653088,0.300001625,2176948,102316566,4.000000,248.000000
regions/reduce,47,3,649152,0.300003292,2163816,101699364,4.000000,248.000000
regions/reduce,47,4,656608,0.300010042,2188620,102865143,4.000000,248.000000
regions/reduce,47,5,649184,0.300008375,2163886,101702654,4.000000,248.000000
regions/reduce,47,6,649248,0.300011125,2164080,101711748,4.000000,248.000000
regions/filtered_sum,47,0,1747776,0.300003959,5825843,273814627,0.000000,0.000000
regions/filtered_sum,47,1,1755008,0.300003917,5849950,274947663,0.000000,0.000000
regions/filtered_sum,47,2,1764512,0.300005666,5881596,276434992,0.000000,0.000000
regions/filtered_sum,47,3,1776288,0.300006125,5920839,278279438,0.000000,0.000000
regions/filtered_sum,47,4,1750688,0.300005709,5835516,274269234,0.000000,0.000000
regions/filtered_sum,47,5,1765056,0.300004125,5883439,276521638,0.000000,0.000000
regions/filtered_sum,47,6,1771840,0.300005041,5906034,277583602,0.000000,0.000000
regions/object,47,0,586656,0.300012917,1955436,91905483,8.000000,576.000000
regions/object,47,1,585696,0.300011084,1952248,91755650,8.000000,576.000000
regions/object,47,2,591232,0.300011709,1970696,92622732,8.000000,576.000000
regions/object,47,3,590496,0.300010042,1968254,92507943,8.000000,576.000000
regions/object,47,4,585952,0.300012458,1953092,91795335,8.000000,576.000000
regions/object,47,5,582688,0.300007583,1942244,91285479,8.000000,576.000000
regions/object,47,6,586880,0.300014167,1956174,91940192,8.000000,576.000000
regions/sort,47,0,920000,0.300009500,3066570,144128769,2.000000,192.000000
regions/sort,47,1,919488,0.300005500,3064904,144050479,2.000000,192.000000
regions/sort,47,2,939968,0.300007708,3133146,147257870,2.000000,192.000000
regions/sort,47,3,924416,0.300004042,3081345,144823222,2.000000,192.000000
regions/sort,47,4,938496,0.300000708,3128313,147030693,2.000000,192.000000
regions/sort,47,5,938016,0.300006916,3126648,146952452,2.000000,192.000000
regions/sort,47,6,927040,0.300003042,3090102,145234794,2.000000,192.000000
regions/map,306,0,125280,0.300012792,417582,127780151,7.000000,584.000000
regions/map,306,1,126816,0.300060708,422634,129326150,7.000000,584.000000
regions/map,306,2,124800,0.300037000,415949,127280302,7.000000,584.000000
regions/map,306,3,125312,0.300059667,417624,127792823,7.000000,584.000000
regions/map,306,4,125152,0.300072750,417072,127624091,7.000000,584.000000
regions/map,306,5,125312,0.300051333,417635,127796373,7.000000,584.000000
regions/map,306,6,124224,0.300013750,414061,126702673,7.000000,584.000000
regions/nested_map,306,0,123296,0.300041250,410930,125744630,7.000000,584.000000
regions/nested_map,306,1,124992,0.300067792,416546,127463037,7.000000,584.000000
regions/nested_map,306,2,125312,0.300048208,417640,127797704,7.000000,584.000000
regions/nested_map,306,3,125120,0.300050833,416996,127600779,7.000000,584.000000
regions/nested_map,306,4,125056,0.300015125,416832,127550689,7.000000,584.000000
regions/nested_map,306,5,125344,0.300037750,417761,127834794,7.000000,584.000000
regions/nested_map,306,6,125248,0.300029167,417453,127740541,7.000000,584.000000
regions/indexed,306,0,119360,0.300057750,397790,121723768,7.000000,584.000000
regions/indexed,306,1,120192,0.300048250,400576,122576126,7.000000,584.000000
regions/indexed,306,2,119936,0.300066000,399699,122307812,7.000000,584.000000
regions/indexed,306,3,119712,0.300079042,398935,122074077,7.000000,584.000000
regions/indexed,306,4,119776,0.300076208,399152,122140493,7.000000,584.000000
regions/indexed,306,5,119936,0.300002208,399784,122333820,7.000000,584.000000
regions/indexed,306,6,120064,0.300056584,400138,122442186,7.000000,584.000000
regions/reduce,306,0,126496,0.300048042,421586,129005261,4.000000,248.000000
regions/reduce,306,1,126080,0.300005500,420259,128599242,4.000000,248.000000
regions/reduce,306,2,124928,0.300027750,416388,127414774,4.000000,248.000000
regions/reduce,306,3,126368,0.300037833,421174,128879107,4.000000,248.000000
regions/reduce,306,4,125856,0.300027583,419481,128361318,4.000000,248.000000
regions/reduce,306,5,125440,0.300029833,418092,127936078,4.000000,248.000000
regions/reduce,306,6,126464,0.300061375,421460,128966896,4.000000,248.000000
regions/filtered_sum,306,0,227360,0.300037125,757773,231878505,0.000000,0.000000
regions/filtered_sum,306,1,231104,0.300027000,770277,235704867,0.000000,0.000000
regions/filtered_sum,306,2,230560,0.300002625,768527,235169142,0.000000,0.000000
regions/filtered_sum,306,3,230688,0.300010791,768932,235293297,0.000000,0.000000
regions/filtered_sum,306,4,230304,0.300007750,767660,234904012,0.000000,0.000000
regions/filtered_sum,306,5,229408,0.300033750,764607,233969838,0.000000,0.000000
regions/filtered_sum,306,6,232256,0.300021833,774130,236883880,0.000000,0.000000
regions/object,306,0,106208,0.300045250,353973,108315822,23.000000,2056.000000
regions/object,306,1,107360,0.300015125,357849,109501679,23.000000,2056.000000
regions/object,306,2,107712,0.300002667,359037,109865263,23.000000,2056.000000
regions/object,306,3,107296,0.300074417,357565,109414779,23.000000,2056.000000
regions/object,306,4,106304,0.300067166,354267,108405809,23.000000,2056.000000
regions/object,306,5,107104,0.300085417,356912,109214984,23.000000,2056.000000
regions/object,306,6,107456,0.300086875,358083,109573389,23.000000,2056.000000
regions/sort,306,0,86240,0.300034708,287433,87954624,9.000000,968.000000
regions/sort,306,1,87136,0.300087417,290369,88852829,9.000000,968.000000
regions/sort,306,2,87136,0.300066583,290389,88858998,9.000000,968.000000
regions/sort,306,3,87008,0.300060167,289969,88730365,9.000000,968.000000
regions/sort,306,4,86848,0.300050208,289445,88570137,9.000000,968.000000
regions/sort,306,5,86304,0.300062083,287620,88011867,9.000000,968.000000
regions/sort,306,6,87136,0.300042208,290412,88866217,9.000000,968.000000
regions/map,41828,0,1120,0.306036584,3660,153077646,14.000000,49352.000000
regions/map,41828,1,1120,0.305409583,3667,153391912,14.000000,49352.000000
regions/map,41828,2,1120,0.304083250,3683,154060969,14.000000,49352.000000
regions/map,41828,3,1120,0.302676500,3700,154776998,14.000000,49352.000000
regions/map,41828,4,1120,0.306796209,3651,152698627,14.000000,49352.000000
regions/map,41828,5,1120,0.304810208,3674,153693540,14.000000,49352.000000
regions/map,41828,6,1120,0.302679458,3700,154775485,14.000000,49352.000000
regions/nested_map,41828,0,1088,0.302723000,3594,150331703,14.000000,49352.000000
regions/nested_map,41828,1,1120,0.308524958,3630,151843016,14.000000,49352.000000
regions/nested_map,41828,2,1088,0.300049833,3626,151671019,14.000000,49352.000000
regions/nested_map,41828,3,1120,0.306603417,3653,152794644,14.000000,49352.000000
regions/nested_map,41828,4,1120,0.306239250,3657,152976341,14.000000,49352.000000
regions/nested_map,41828,5,1120,0.306462083,3655,152865110,14.000000,49352.000000
regions/nested_map,41828,6,1120,0.308325250,3633,151941367,14.000000,49352.000000
regions/indexed,41828,0,1024,0.300043958,3413,142751990,14.000000,49352.000000
regions/indexed,41828,1,1056,0.305670875,3455,144503031,14.000000,49352.000000
regions/indexed,41828,2,1056,0.300632959,3513,146924569,14.000000,49352.000000
regions/indexed,41828,3,1056,0.303154458,3483,145702518,14.000000,49352.000000
regions/indexed,41828,4,1056,0.300630958,3513,146925547,14.000000,49352.000000
regions/indexed,41828,5,1056,0.300759209,3511,146862895,14.000000,49352.000000
regions/indexed,41828,6,1056,0.300323375,3516,147076024,14.000000,49352.000000
regions/reduce,41828,0,1088,0.300824042,3617,151280675,4.000000,248.000000
regions/reduce,41828,1,1088,0.300062667,3626,151664532,4.000000,248.000000
regions/reduce,41828,2,1120,0.308218541,3634,151993971,4.000000,248.000000
regions/reduce,41828,3,1120,0.308124292,3635,152040463,4.000000,248.000000
regions/reduce,41828,4,1120,0.307081375,3647,152556826,4.000000,248.000000
regions/reduce,41828,5,1088,0.300451417,3621,151468295,4.000000,248.000000
regions/reduce,41828,6,1088,0.300224125,3624,151582968,4.000000,248.000000
regions/filtered_sum,41828,0,1792,0.301440083,5945,248658955,0.000000,0.000000
regions/filtered_sum,41828,1,1792,0.300726000,5959,249249403,0.000000,0.000000
regions/filtered_sum,41828,2,1824,0.301032000,6059,253442398,0.000000,0.000000
regions/filtered_sum,41828,3,1824,0.300754375,6065,253676350,0.000000,0.000000
regions/filtered_sum,41828,4,1824,0.302334666,6033,252350394,0.000000,0.000000
regions/filtered_sum,41828,5,1792,0.300374542,5966,249541041,0.000000,0.000000
regions/filtered_sum,41828,6,1824,0.304146917,5997,250846771,0.000000,0.000000
regions/object,41828,0,928,0.304157750,3051,127619250,2062.000000,237768.000000
regions/object,41828,1,928,0.303480834,3058,127903906,2062.000000,237768.000000
regions/object,41828,2,928,0.301199000,3081,128872885,2062.000000,237768.000000
regions/object,41828,3,928,0.303111542,3062,128059736,2062.000000,237768.000000
regions/object,41828,4,928,0.303126333,3061,128053487,2062.000000,237768.000000
regions/object,41828,5,960,0.308430916,3113,130190840,2062.000000,237768.000000
regions/object,41828,6,928,0.303113292,3062,128058997,2062.000000,237768.000000
regions/sort,41828,0,704,0.311861792,2257,94422955,16.000000,114760.000000
regions/sort,41828,1,704,0.309952333,2271,95004647,16.000000,114760.000000
regions/sort,41828,2,704,0.309612375,2274,95108963,16.000000,114760.000000
regions/sort,41828,3,704,0.308456041,2282,95465506,16.000000,114760.000000
regions/sort,41828,4,704,0.311949459,2257,94396420,16.000000,114760.000000
regions/sort,41828,5,704,0.308459083,2282,95464564,16.000000,114760.000000
regions/sort,41828,6,704,0.308141875,2285,95562838,16.000000,114760.000000
regions/sparse_callback,500,0,412000,0.300000292,1373332,686665998,3.000000,184.000000
regions/sparse_callback,500,1,414080,0.300015917,1380193,690096719,3.000000,184.000000
regions/sparse_callback,500,2,412448,0.300002834,1374814,687406840,3.000000,184.000000
regions/sparse_callback,500,3,415040,0.300021500,1383368,691683763,3.000000,184.000000
regions/sparse_callback,500,4,412608,0.300013708,1375297,687648579,3.000000,184.000000
regions/sparse_callback,500,5,413248,0.300020125,1377401,688700466,3.000000,184.000000
regions/sparse_callback,500,6,413888,0.300009708,1379582,689791012,3.000000,184.000000
regions/reusable_members,500,0,743904,0.300008792,2479607,1239803665,2.000000,136.000000
regions/reusable_members,500,1,750656,0.300006667,2502131,1251065530,2.000000,136.000000
regions/reusable_members,500,2,746624,0.300011709,2488650,1244324767,2.000000,136.000000
regions/reusable_members,500,3,744320,0.300011042,2480975,1240487675,2.000000,136.000000
regions/reusable_members,500,4,749856,0.300000292,2499518,1249758784,2.000000,136.000000
regions/reusable_members,500,5,756864,0.300007000,2522821,1261410567,2.000000,136.000000
regions/reusable_members,500,6,751264,0.300001708,2504199,1252099538,2.000000,136.000000
regions/sparse_callback,10240,0,28288,0.300097334,94263,965250561,3.000000,184.000000
regions/sparse_callback,10240,1,28288,0.300144666,94248,965098344,3.000000,184.000000
regions/sparse_callback,10240,2,28288,0.300025583,94285,965481400,3.000000,184.000000
regions/sparse_callback,10240,3,28288,0.300080333,94268,965305247,3.000000,184.000000
regions/sparse_callback,10240,4,28288,0.300050250,94278,965402028,3.000000,184.000000
regions/sparse_callback,10240,5,28288,0.300071417,94271,965333929,3.000000,184.000000
regions/sparse_callback,10240,6,28320,0.300290916,94309,965719522,3.000000,184.000000
regions/reusable_members,10240,0,55168,0.300014125,183885,1882979076,2.000000,136.000000
regions/reusable_members,10240,1,55328,0.300001416,184426,1888520153,2.000000,136.000000
regions/reusable_members,10240,2,55200,0.300038375,183976,1883919015,2.000000,136.000000
regions/reusable_members,10240,3,55232,0.300151625,184014,1884299910,2.000000,136.000000
regions/reusable_members,10240,4,55136,0.300155458,183691,1881000745,2.000000,136.000000
regions/reusable_members,10240,5,55232,0.300048917,184077,1884944914,2.000000,136.000000
regions/reusable_members,10240,6,55168,0.300142250,183806,1882175269,2.000000,136.000000
regions/sparse_callback,1048576,0,288,0.305008958,944,990101701,3.000000,184.000000
regions/sparse_callback,1048576,1,288,0.305455959,943,988652796,3.000000,184.000000
regions/sparse_callback,1048576,2,288,0.305562542,943,988307945,3.000000,184.000000
regions/sparse_callback,1048576,3,288,0.305204292,944,989468025,3.000000,184.000000
regions/sparse_callback,1048576,4,288,0.305135375,944,989691503,3.000000,184.000000
regions/sparse_callback,1048576,5,288,0.305440083,943,988704184,3.000000,184.000000
regions/sparse_callback,1048576,6,288,0.305346792,943,989006258,3.000000,184.000000
regions/reusable_members,1048576,0,576,0.310373875,1856,1945974918,2.000000,136.000000
regions/reusable_members,1048576,1,576,0.310664875,1854,1944152122,2.000000,136.000000
regions/reusable_members,1048576,2,576,0.310408250,1856,1945759418,2.000000,136.000000
regions/reusable_members,1048576,3,576,0.310331917,1856,1946238021,2.000000,136.000000
regions/reusable_members,1048576,4,576,0.310036416,1858,1948093014,2.000000,136.000000
regions/reusable_members,1048576,5,576,0.310287916,1856,1946514011,2.000000,136.000000
regions/reusable_members,1048576,6,576,0.310353750,1856,1946101106,2.000000,136.000000
scalar/arithmetic,500,0,316064,0.300010500,1053510,526754897,0.000000,0.000000
scalar/arithmetic,500,1,316544,0.300010292,1055110,527555235,0.000000,0.000000
scalar/arithmetic,500,2,315200,0.300005875,1050646,525323046,0.000000,0.000000
scalar/arithmetic,500,3,317184,0.300011083,1057241,528620471,0.000000,0.000000
scalar/arithmetic,500,4,316544,0.300005250,1055128,527564101,0.000000,0.000000
scalar/arithmetic,500,5,316352,0.300009042,1054475,527237442,0.000000,0.000000
scalar/arithmetic,500,6,315296,0.300029292,1050884,525442029,0.000000,0.000000
ascii/shallow,100,0,2954240,0.300002750,9847376,984737640,0.000000,0.000000
ascii/shallow,100,1,2960320,0.300002042,9867666,986766617,0.000000,0.000000
ascii/shallow,100,2,2919136,0.300002917,9730359,973035872,0.000000,0.000000
ascii/shallow,100,3,2940512,0.300001209,9801667,980166717,0.000000,0.000000
ascii/shallow,100,4,2933504,0.300001542,9778296,977829641,0.000000,0.000000
ascii/shallow,100,5,2964256,0.300002125,9880783,988078334,0.000000,0.000000
ascii/shallow,100,6,2965024,0.300000833,9883386,988338589,0.000000,0.000000
ascii/shallow,500,0,935232,0.300003750,3117401,1558700516,0.000000,0.000000
ascii/shallow,500,1,933600,0.300005375,3111944,1555972122,0.000000,0.000000
ascii/shallow,500,2,948960,0.300007417,3163122,1581560899,0.000000,0.000000
ascii/shallow,500,3,939904,0.300006791,3132942,1566471207,0.000000,0.000000
ascii/shallow,500,4,942976,0.300005625,3143194,1571597199,0.000000,0.000000
ascii/shallow,500,5,940512,0.300005875,3134979,1567489303,0.000000,0.000000
ascii/shallow,500,6,943488,0.300001125,3144948,1572474103,0.000000,0.000000
ascii/nested,500,0,928640,0.300003000,3095436,1547717856,0.000000,0.000000
ascii/nested,500,1,939584,0.300003792,3131907,1565953540,0.000000,0.000000
ascii/nested,500,2,933664,0.300002000,3112193,1556096293,0.000000,0.000000
ascii/nested,500,3,930784,0.300004500,3102567,1551283397,0.000000,0.000000
ascii/nested,500,4,937664,0.300009750,3125445,1562722545,0.000000,0.000000
ascii/nested,500,5,939136,0.300006291,3130388,1565193845,0.000000,0.000000
ascii/nested,500,6,934816,0.300006416,3115987,1557993346,0.000000,0.000000
filter/predicate,100,0,643520,0.300003458,2145042,214504194,0.000000,0.000000
filter/predicate,100,1,644768,0.300000542,2149223,214922278,0.000000,0.000000
filter/predicate,100,2,642592,0.300003167,2141951,214195072,0.000000,0.000000
filter/predicate,100,3,644960,0.300011042,2149788,214978754,0.000000,0.000000
filter/predicate,100,4,640992,0.300010083,2136568,213656819,0.000000,0.000000
filter/predicate,100,5,645344,0.300009666,2151077,215107736,0.000000,0.000000
filter/predicate,100,6,644256,0.300010125,2147448,214744752,0.000000,0.000000
filter/computed_last,100,0,710912,0.300010917,2369620,236962044,0.000000,0.000000
filter/computed_last,100,1,707168,0.300013292,2357122,235712223,0.000000,0.000000
filter/computed_last,100,2,696864,0.300006542,2322829,232282935,0.000000,0.000000
filter/computed_last,100,3,710624,0.300007917,2368684,236868416,0.000000,0.000000
filter/computed_last,100,4,708096,0.300012250,2360224,236022362,0.000000,0.000000
filter/computed_last,100,5,707040,0.300003000,2356776,235677643,0.000000,0.000000
filter/computed_last,100,6,709056,0.300013709,2363412,236341200,0.000000,0.000000
aggregate/filtered_sum,500,0,740832,0.300008291,2469372,1234685877,0.000000,0.000000
aggregate/filtered_sum,500,1,741664,0.300009833,2472132,1236066153,0.000000,0.000000
aggregate/filtered_sum,500,2,735616,0.300012542,2451951,1225975413,0.000000,0.000000
aggregate/filtered_sum,500,3,739296,0.300009875,2464239,1232119443,0.000000,0.000000
aggregate/filtered_sum,500,4,738208,0.300001375,2460682,1230341028,0.000000,0.000000
aggregate/filtered_sum,500,5,740256,0.300011625,2467424,1233712194,0.000000,0.000000
aggregate/filtered_sum,500,6,741664,0.300008500,2472143,1236071645,0.000000,0.000000
compiler/repeated_fields,500,0,756000,0.300005250,2519956,1259977950,0.000000,0.000000
compiler/repeated_fields,500,1,755584,0.300007834,2518548,1259273783,0.000000,0.000000
compiler/repeated_fields,500,2,756512,0.300002083,2521689,1260844579,0.000000,0.000000
compiler/repeated_fields,500,3,755712,0.300000625,2519035,1259517376,0.000000,0.000000
compiler/repeated_fields,500,4,757632,0.300007375,2525378,1262688959,0.000000,0.000000
compiler/repeated_fields,500,5,758048,0.300003709,2526795,1263397714,0.000000,0.000000
compiler/repeated_fields,500,6,758496,0.300011916,2528220,1264109790,0.000000,0.000000
plan/branch,500,0,841216,0.300000667,2804047,1402023550,0.000000,0.000000
plan/branch,500,1,840128,0.300007542,2800356,1400178133,0.000000,0.000000
plan/branch,500,2,836544,0.300000209,2788478,1394239029,0.000000,0.000000
plan/branch,500,3,838432,0.300000917,2794765,1397382395,0.000000,0.000000
plan/branch,500,4,840672,0.300002375,2802218,1401108908,0.000000,0.000000
plan/branch,500,5,841280,0.300002083,2804247,1402123598,0.000000,0.000000
plan/branch,500,6,841792,0.300010167,2805878,1402939121,0.000000,0.000000
demand/repeated,10240,0,55776,0.300109791,185852,1903124314,0.000000,0.000000
demand/repeated,10240,1,55808,0.300030666,186008,1904718366,0.000000,0.000000
demand/repeated,10240,2,55744,0.300040542,185788,1902471433,0.000000,0.000000
demand/repeated,10240,3,55840,0.300056375,186098,1905647230,0.000000,0.000000
demand/repeated,10240,4,55872,0.300069500,186197,1906655891,0.000000,0.000000
demand/repeated,10240,5,55872,0.300139541,186153,1906210951,0.000000,0.000000
demand/repeated,10240,6,55808,0.300061875,185988,1904520259,0.000000,0.000000
demand/repeated_lookup,10240,0,52320,0.300025708,174385,1785702977,0.000000,0.000000
demand/repeated_lookup,10240,1,52352,0.300175667,174405,1785902520,0.000000,0.000000
demand/repeated_lookup,10240,2,52576,0.300123625,175181,1793854916,0.000000,0.000000
demand/repeated_lookup,10240,3,52224,0.300034750,174060,1782372742,0.000000,0.000000
demand/repeated_lookup,10240,4,52800,0.300079791,175953,1801760786,0.000000,0.000000
demand/repeated_lookup,10240,5,52448,0.300054625,174795,1789899156,0.000000,0.000000
demand/repeated_lookup,10240,6,52128,0.300111375,173696,1778642079,0.000000,0.000000
function/direct,500,0,404640,0.300003667,1348784,674391757,3.000000,184.000000
function/direct,500,1,404992,0.300003333,1349958,674979168,3.000000,184.000000
function/direct,500,2,408672,0.300014708,1362173,681086609,3.000000,184.000000
function/direct,500,3,409952,0.300012375,1366450,683225150,3.000000,184.000000
function/direct,500,4,408288,0.300010667,1360912,680455805,3.000000,184.000000
function/direct,500,5,409696,0.300009334,1365611,682805422,3.000000,184.000000
function/direct,500,6,407776,0.300022042,1359153,679576736,3.000000,184.000000
function/callback,500,0,299776,0.300012750,999211,499605433,6.000000,392.000000
function/callback,500,1,301248,0.300026000,1004073,502036490,6.000000,392.000000
function/callback,500,2,300608,0.300031917,1001920,500960036,6.000000,392.000000
function/callback,500,3,301376,0.300003916,1004574,502286777,6.000000,392.000000
function/callback,500,4,300448,0.300019916,1001427,500713426,6.000000,392.000000
function/callback,500,5,301184,0.300006750,1003924,501962039,6.000000,392.000000
function/callback,500,6,301472,0.300025416,1004822,502410769,6.000000,392.000000
eval/static_scalar,500,0,295296,0.300019916,984255,492127329,0.000000,0.000000
eval/static_scalar,500,1,296608,0.300014792,988645,494322293,0.000000,0.000000
eval/static_scalar,500,2,297024,0.300010042,990047,495023430,0.000000,0.000000
eval/static_scalar,500,3,296736,0.300019834,989055,494527305,0.000000,0.000000
eval/static_scalar,500,4,295424,0.300005333,984729,492364581,0.000000,0.000000
eval/static_scalar,500,5,295232,0.300012542,984066,492032763,0.000000,0.000000
eval/static_scalar,500,6,296768,0.300024917,989145,494572256,0.000000,0.000000
navigation/ordering,500,0,285696,0.300030667,952223,476111330,6.000000,320.000000
navigation/ordering,500,1,284512,0.300009125,948344,474172244,6.000000,320.000000
navigation/ordering,500,2,284960,0.300001583,949862,474930827,6.000000,320.000000
navigation/ordering,500,3,284704,0.300017458,948958,474479055,6.000000,320.000000
navigation/ordering,500,4,284736,0.300018750,949061,474530342,6.000000,320.000000
navigation/ordering,500,5,285376,0.300005542,951236,475617880,6.000000,320.000000
navigation/ordering,500,6,285952,0.300027000,953088,476543778,6.000000,320.000000
navigation/grouping,500,0,243776,0.300017500,812539,406269634,11.000000,824.000000
navigation/grouping,500,1,247488,0.300023875,824894,412447176,11.000000,824.000000
navigation/grouping,500,2,246528,0.300015584,821717,410858657,11.000000,824.000000
navigation/grouping,500,3,246880,0.300036292,822834,411416896,11.000000,824.000000
navigation/grouping,500,4,244032,0.300017500,813393,406696276,11.000000,824.000000
navigation/grouping,500,5,247936,0.300033625,826361,413180356,11.000000,824.000000
navigation/grouping,500,6,249856,0.300012541,832819,416409259,11.000000,824.000000
tuple/ordered,500,0,193440,0.300030000,644736,322367763,19.000000,1640.000000
tuple/ordered,500,1,192000,0.300015125,639968,319983867,19.000000,1640.000000
tuple/ordered,500,2,194112,0.300008625,647021,323510699,19.000000,1640.000000
tuple/ordered,500,3,194688,0.300027583,648900,324450169,19.000000,1640.000000
tuple/ordered,500,4,192864,0.300021750,642833,321416697,19.000000,1640.000000
tuple/ordered,500,5,192832,0.300039084,642690,321344802,19.000000,1640.000000
tuple/ordered,500,6,194496,0.300047875,648217,324108278,19.000000,1640.000000
consolidation/nested_sum,983,0,66272,0.300065917,220858,217103551,0.000000,0.000000
consolidation/nested_sum,983,1,67328,0.300062167,224380,220565707,0.000000,0.000000
consolidation/nested_sum,983,2,67456,0.300006167,224849,221026283,0.000000,0.000000
consolidation/nested_sum,983,3,68512,0.300012250,228364,224481820,0.000000,0.000000
consolidation/nested_sum,983,4,68192,0.300049958,227269,223405250,0.000000,0.000000
consolidation/nested_sum,983,5,68448,0.300124458,228065,224188273,0.000000,0.000000
consolidation/nested_sum,983,6,67936,0.300130083,226355,222507145,0.000000,0.000000
consolidation/sort_scalar,61112,0,480,0.304239000,1578,96416830,16.000000,114760.000000
consolidation/sort_scalar,61112,1,480,0.303032250,1584,96800786,16.000000,114760.000000
consolidation/sort_scalar,61112,2,512,0.319042625,1605,98072613,16.000000,114760.000000
consolidation/sort_scalar,61112,3,480,0.303585208,1581,96624471,16.000000,114760.000000
consolidation/sort_scalar,61112,4,480,0.301584292,1592,97265543,16.000000,114760.000000
consolidation/sort_scalar,61112,5,512,0.317491834,1613,98551650,16.000000,114760.000000
consolidation/sort_scalar,61112,6,512,0.317002667,1615,98703725,16.000000,114760.000000
consolidation/sort_tuple,61112,0,512,0.311720583,1642,100376253,2067.000000,311680.000000
consolidation/sort_tuple,61112,1,512,0.310249333,1650,100852252,2067.000000,311680.000000
consolidation/sort_tuple,61112,2,512,0.309581208,1654,101069907,2067.000000,311680.000000
consolidation/sort_tuple,61112,3,512,0.308042917,1662,101574626,2067.000000,311680.000000
consolidation/sort_tuple,61112,4,512,0.308045958,1662,101573623,2067.000000,311680.000000
consolidation/sort_tuple,61112,5,512,0.307718833,1664,101681602,2067.000000,311680.000000
consolidation/sort_tuple,61112,6,512,0.307992959,1662,101591102,2067.000000,311680.000000
consolidation/callback_projection,61112,0,928,0.308971000,3004,183551000,14.000000,49352.000000
consolidation/callback_projection,61112,1,928,0.302030708,3073,187768775,14.000000,49352.000000
consolidation/callback_projection,61112,2,928,0.301467000,3078,188119880,14.000000,49352.000000
consolidation/callback_projection,61112,3,928,0.302008917,3073,187782323,14.000000,49352.000000
consolidation/callback_projection,61112,4,928,0.301507042,3078,188094897,14.000000,49352.000000
consolidation/callback_projection,61112,5,928,0.300895167,3084,188477391,14.000000,49352.000000
consolidation/callback_projection,61112,6,928,0.302155458,3071,187691251,14.000000,49352.000000
consolidation/distinct_groups,61112,0,704,0.312269250,2254,137774847,19.000000,427816.000000
consolidation/distinct_groups,61112,1,672,0.300171625,2239,136812612,19.000000,427816.000000
consolidation/distinct_groups,61112,2,672,0.304658167,2206,134797844,19.000000,427816.000000
consolidation/distinct_groups,61112,3,672,0.301000292,2233,136435961,19.000000,427816.000000
consolidation/distinct_groups,61112,4,672,0.300711708,2235,136566894,19.000000,427816.000000
consolidation/distinct_groups,61112,5,672,0.302283875,2223,135856615,19.000000,427816.000000
consolidation/distinct_groups,61112,6,704,0.312411333,2253,137712187,19.000000,427816.000000
regions/wide_members,100,0,1251328,0.300007041,4170995,417099544,2.000000,424.000000
regions/wide_members,100,1,1270944,0.300003750,4236427,423642704,2.000000,424.000000
regions/wide_members,100,2,1267328,0.300002084,4224397,422439732,2.000000,424.000000
regions/wide_members,100,3,1259488,0.300004583,4198229,419822920,2.000000,424.000000
regions/wide_members,100,4,1253184,0.300003458,4177232,417723185,2.000000,424.000000
regions/wide_members,100,5,1269248,0.300000958,4230813,423081316,2.000000,424.000000
regions/wide_members,100,6,1270720,0.300005875,4235650,423565039,2.000000,424.000000
regions/wide_members,500,0,655840,0.300005625,2186092,1093046172,2.000000,424.000000
regions/wide_members,500,1,657088,0.300004292,2190262,1095130999,2.000000,424.000000
regions/wide_members,500,2,655936,0.300006000,2186410,1093204803,2.000000,424.000000
regions/wide_members,500,3,654368,0.300008208,2181167,1090583495,2.000000,424.000000
regions/wide_members,500,4,651680,0.300000083,2172266,1086133033,2.000000,424.000000
regions/wide_members,500,5,659040,0.300000750,2196795,1098397254,2.000000,424.000000
regions/wide_members,500,6,647328,0.300009292,2157693,1078846585,2.000000,424.000000
regions/wide_members,10240,0,54720,0.300044834,182373,1867496909,2.000000,424.000000
regions/wide_members,10240,1,54720,0.300167458,182298,1866734002,2.000000,424.000000
regions/wide_members,10240,2,54688,0.300134750,182211,1865845658,2.000000,424.000000
regions/wide_members,10240,3,54752,0.300006042,182503,1868830628,2.000000,424.000000
regions/wide_members,10240,4,54688,0.300060333,182257,1866308400,2.000000,424.000000
regions/wide_members,10240,5,54720,0.300162458,182301,1866765097,2.000000,424.000000
regions/wide_members,10240,6,54688,0.300168583,182191,1865635352,2.000000,424.000000
function/signed_callback,500,0,267232,0.300035334,890668,445334215,6.000000,392.000000
function/signed_callback,500,1,267744,0.300016792,892430,446215024,6.000000,392.000000
function/signed_callback,500,2,267328,0.300021667,891029,445514490,6.000000,392.000000
function/signed_callback,500,3,268384,0.300021375,894550,447274798,6.000000,392.000000
function/signed_callback,500,4,267968,0.300002041,893221,446610295,6.000000,392.000000
function/signed_callback,500,5,268992,0.300024292,896567,448283701,6.000000,392.000000
function/signed_callback,500,6,267328,0.300031208,891001,445500323,6.000000,392.000000
function/partial_callback,500,0,201408,0.300027709,671298,335648998,8.000000,504.000000
function/partial_callback,500,1,203872,0.300014917,679540,339769772,8.000000,504.000000
function/partial_callback,500,2,201248,0.300041042,670735,335367453,8.000000,504.000000
function/partial_callback,500,3,201984,0.300008833,673260,336630088,8.000000,504.000000
function/partial_callback,500,4,202880,0.300030959,676197,338098443,8.000000,504.000000
function/partial_callback,500,5,203200,0.300046292,677229,338614416,8.000000,504.000000
function/partial_callback,500,6,202976,0.300041333,676493,338246731,8.000000,504.000000
