workload,width,input_bytes,iteration,allocations,requested_bytes,peak_live_bytes,live_at_delivery_bytes,after_drop_bytes
transient,8,226,0,41,4312,1104,240,0
transient,8,226,1,41,4312,1104,240,0
transient,8,226,2,41,4312,1104,240,0
transient,8,226,3,41,4312,1104,240,0
transient,8,226,4,41,4312,1104,240,0
tail_transient,8,226,0,41,4312,1104,240,0
tail_transient,8,226,1,41,4312,1104,240,0
tail_transient,8,226,2,41,4312,1104,240,0
tail_transient,8,226,3,41,4312,1104,240,0
tail_transient,8,226,4,41,4312,1104,240,0
recursive_local,8,226,0,49,5592,1264,240,0
recursive_local,8,226,1,49,5592,1264,240,0
recursive_local,8,226,2,49,5592,1264,240,0
recursive_local,8,226,3,49,5592,1264,240,0
recursive_local,8,226,4,49,5592,1264,240,0
escaping,8,226,0,48,6216,3744,240,0
escaping,8,226,1,48,6216,3744,240,0
escaping,8,226,2,48,6216,3744,240,0
escaping,8,226,3,48,6216,3744,240,0
escaping,8,226,4,48,6216,3744,240,0
mixed_escape,8,226,0,84,9944,3984,0,0
mixed_escape,8,226,1,84,9944,3984,0,0
mixed_escape,8,226,2,84,9944,3984,0,0
mixed_escape,8,226,3,84,9944,3984,0,0
mixed_escape,8,226,4,84,9944,3984,0,0
reduce,8,226,0,38,3976,912,0,0
reduce,8,226,1,38,3976,912,0,0
reduce,8,226,2,38,3976,912,0,0
reduce,8,226,3,38,3976,912,0,0
reduce,8,226,4,38,3976,912,0,0
dynamic_scalar,8,226,0,87,6236,3382,240,0
dynamic_scalar,8,226,1,87,6236,3382,240,0
dynamic_scalar,8,226,2,87,6236,3382,240,0
dynamic_scalar,8,226,3,87,6236,3382,240,0
dynamic_scalar,8,226,4,87,6236,3382,240,0
dynamic_object,8,226,0,211,14608,4939,1904,0
dynamic_object,8,226,1,211,14608,4939,1904,0
dynamic_object,8,226,2,211,14608,4939,1904,0
dynamic_object,8,226,3,211,14608,4939,1904,0
dynamic_object,8,226,4,211,14608,4939,1904,0
partial,8,226,0,9,712,616,240,0
partial,8,226,1,9,712,616,240,0
partial,8,226,2,9,712,616,240,0
partial,8,226,3,9,712,616,240,0
partial,8,226,4,9,712,616,240,0
planned,8,226,0,7,600,504,240,0
planned,8,226,1,7,600,504,240,0
planned,8,226,2,7,600,504,240,0
planned,8,226,3,7,600,504,240,0
planned,8,226,4,7,600,504,240,0
transient,128,2054,0,525,59992,3984,3120,0
transient,128,2054,1,525,59992,3984,3120,0
transient,128,2054,2,525,59992,3984,3120,0
transient,128,2054,3,525,59992,3984,3120,0
transient,128,2054,4,525,59992,3984,3120,0
tail_transient,128,2054,0,525,59992,3984,3120,0
tail_transient,128,2054,1,525,59992,3984,3120,0
tail_transient,128,2054,2,525,59992,3984,3120,0
tail_transient,128,2054,3,525,59992,3984,3120,0
tail_transient,128,2054,4,525,59992,3984,3120,0
recursive_local,128,2054,0,653,80472,4144,3120,0
recursive_local,128,2054,1,653,80472,4144,3120,0
recursive_local,128,2054,2,653,80472,4144,3120,0
recursive_local,128,2054,3,653,80472,4144,3120,0
recursive_local,128,2054,4,653,80472,4144,3120,0
escaping,128,2054,0,540,94536,49824,3120,0
escaping,128,2054,1,540,94536,49824,3120,0
escaping,128,2054,2,540,94536,49824,3120,0
escaping,128,2054,3,540,94536,49824,3120,0
escaping,128,2054,4,540,94536,49824,3120,0
mixed_escape,128,2054,0,1060,153944,52944,0,0
mixed_escape,128,2054,1,1060,153944,52944,0,0
mixed_escape,128,2054,2,1060,153944,52944,0,0
mixed_escape,128,2054,3,1060,153944,52944,0,0
mixed_escape,128,2054,4,1060,153944,52944,0,0
reduce,128,2054,0,518,53896,912,0,0
reduce,128,2054,1,518,53896,912,0,0
reduce,128,2054,2,518,53896,912,0,0
reduce,128,2054,3,518,53896,912,0,0
reduce,128,2054,4,518,53896,912,0,0
dynamic_scalar,128,2054,0,91,11996,5419,3120,0
dynamic_scalar,128,2054,1,91,11996,5419,3120,0
dynamic_scalar,128,2054,2,91,11996,5419,3120,0
dynamic_scalar,128,2054,3,91,11996,5419,3120,0
dynamic_scalar,128,2054,4,91,11996,5419,3120,0
dynamic_object,128,2054,0,1895,137488,32779,29744,0
dynamic_object,128,2054,1,1895,137488,32779,29744,0
dynamic_object,128,2054,2,1895,137488,32779,29744,0
dynamic_object,128,2054,3,1895,137488,32779,29744,0
dynamic_object,128,2054,4,1895,137488,32779,29744,0
partial,128,2054,0,13,6472,3496,3120,0
partial,128,2054,1,13,6472,3496,3120,0
partial,128,2054,2,13,6472,3496,3120,0
partial,128,2054,3,13,6472,3496,3120,0
partial,128,2054,4,13,6472,3496,3120,0
planned,128,2054,0,11,6360,3384,3120,0
planned,128,2054,1,11,6360,3384,3120,0
planned,128,2054,2,11,6360,3384,3120,0
planned,128,2054,3,11,6360,3384,3120,0
planned,128,2054,4,11,6360,3384,3120,0
transient,1024,16415,0,4112,475736,25488,24624,0
transient,1024,16415,1,4112,475736,25488,24624,0
transient,1024,16415,2,4112,475736,25488,24624,0
transient,1024,16415,3,4112,475736,25488,24624,0
transient,1024,16415,4,4112,475736,25488,24624,0
tail_transient,1024,16415,0,4112,475736,25488,24624,0
tail_transient,1024,16415,1,4112,475736,25488,24624,0
tail_transient,1024,16415,2,4112,475736,25488,24624,0
tail_transient,1024,16415,3,4112,475736,25488,24624,0
tail_transient,1024,16415,4,4112,475736,25488,24624,0
recursive_local,1024,16415,0,5136,639576,25648,24624,0
recursive_local,1024,16415,1,5136,639576,25648,24624,0
recursive_local,1024,16415,2,5136,639576,25648,24624,0
recursive_local,1024,16415,3,5136,639576,25648,24624,0
recursive_local,1024,16415,4,5136,639576,25648,24624,0
escaping,1024,16415,0,4133,753992,393888,24624,0
escaping,1024,16415,1,4133,753992,393888,24624,0
escaping,1024,16415,2,4133,753992,393888,24624,0
escaping,1024,16415,3,4133,753992,393888,24624,0
escaping,1024,16415,4,4133,753992,393888,24624,0
mixed_escape,1024,16415,0,8240,1229144,418512,0,0
mixed_escape,1024,16415,1,8240,1229144,418512,0,0
mixed_escape,1024,16415,2,8240,1229144,418512,0,0
mixed_escape,1024,16415,3,8240,1229144,418512,0,0
mixed_escape,1024,16415,4,8240,1229144,418512,0,0
reduce,1024,16415,0,4102,426632,912,0,0
reduce,1024,16415,1,4102,426632,912,0,0
reduce,1024,16415,2,4102,426632,912,0,0
reduce,1024,16415,3,4102,426632,912,0,0
reduce,1024,16415,4,4102,426632,912,0,0
dynamic_scalar,1024,16415,0,94,55004,26923,24624,0
dynamic_scalar,1024,16415,1,94,55004,26923,24624,0
dynamic_scalar,1024,16415,2,94,55004,26923,24624,0
dynamic_scalar,1024,16415,3,94,55004,26923,24624,0
dynamic_scalar,1024,16415,4,94,55004,26923,24624,0
dynamic_object,1024,16415,0,14442,1054992,240651,237616,0
dynamic_object,1024,16415,1,14442,1054992,240651,237616,0
dynamic_object,1024,16415,2,14442,1054992,240651,237616,0
dynamic_object,1024,16415,3,14442,1054992,240651,237616,0
dynamic_object,1024,16415,4,14442,1054992,240651,237616,0
partial,1024,16415,0,16,49480,25000,24624,0
partial,1024,16415,1,16,49480,25000,24624,0
partial,1024,16415,2,16,49480,25000,24624,0
partial,1024,16415,3,16,49480,25000,24624,0
partial,1024,16415,4,16,49480,25000,24624,0
planned,1024,16415,0,14,49368,24888,24624,0
planned,1024,16415,1,14,49368,24888,24624,0
planned,1024,16415,2,14,49368,24888,24624,0
planned,1024,16415,3,14,49368,24888,24624,0
planned,1024,16415,4,14,49368,24888,24624,0
transient,16384,283920,0,65556,7602776,394128,393264,0
transient,16384,283920,1,65556,7602776,394128,393264,0
transient,16384,283920,2,65556,7602776,394128,393264,0
transient,16384,283920,3,65556,7602776,394128,393264,0
transient,16384,283920,4,65556,7602776,394128,393264,0
tail_transient,16384,283920,0,65556,7602776,394128,393264,0
tail_transient,16384,283920,1,65556,7602776,394128,393264,0
tail_transient,16384,283920,2,65556,7602776,394128,393264,0
tail_transient,16384,283920,3,65556,7602776,394128,393264,0
tail_transient,16384,283920,4,65556,7602776,394128,393264,0
recursive_local,16384,283920,0,81940,10224216,394288,393264,0
recursive_local,16384,283920,1,81940,10224216,394288,393264,0
recursive_local,16384,283920,2,81940,10224216,394288,393264,0
recursive_local,16384,283920,3,81940,10224216,394288,393264,0
recursive_local,16384,283920,4,81940,10224216,394288,393264,0
escaping,16384,283920,0,65585,12058952,6292128,393264,0
escaping,16384,283920,1,65585,12058952,6292128,393264,0
escaping,16384,283920,2,65585,12058952,6292128,393264,0
escaping,16384,283920,3,65585,12058952,6292128,393264,0
escaping,16384,283920,4,65585,12058952,6292128,393264,0
mixed_escape,16384,283920,0,131136,19661144,6685392,0,0
mixed_escape,16384,283920,1,131136,19661144,6685392,0,0
mixed_escape,16384,283920,2,131136,19661144,6685392,0,0
mixed_escape,16384,283920,3,131136,19661144,6685392,0,0
mixed_escape,16384,283920,4,131136,19661144,6685392,0,0
reduce,16384,283920,0,65542,6816392,912,0,0
reduce,16384,283920,1,65542,6816392,912,0,0
reduce,16384,283920,2,65542,6816392,912,0,0
reduce,16384,283920,3,65542,6816392,912,0,0
reduce,16384,283920,4,65542,6816392,912,0,0
dynamic_scalar,16384,283920,0,98,792284,395563,393264,0
dynamic_scalar,16384,283920,1,98,792284,395563,393264,0
dynamic_scalar,16384,283920,2,98,792284,395563,393264,0
dynamic_scalar,16384,283920,3,98,792284,395563,393264,0
dynamic_scalar,16384,283920,4,98,792284,395563,393264,0
dynamic_object,16384,283920,0,229486,16783632,3804171,3801136,0
dynamic_object,16384,283920,1,229486,16783632,3804171,3801136,0
dynamic_object,16384,283920,2,229486,16783632,3804171,3801136,0
dynamic_object,16384,283920,3,229486,16783632,3804171,3801136,0
dynamic_object,16384,283920,4,229486,16783632,3804171,3801136,0
partial,16384,283920,0,20,786760,393640,393264,0
partial,16384,283920,1,20,786760,393640,393264,0
partial,16384,283920,2,20,786760,393640,393264,0
partial,16384,283920,3,20,786760,393640,393264,0
partial,16384,283920,4,20,786760,393640,393264,0
planned,16384,283920,0,18,786648,393528,393264,0
planned,16384,283920,1,18,786648,393528,393264,0
planned,16384,283920,2,18,786648,393528,393264,0
planned,16384,283920,3,18,786648,393528,393264,0
planned,16384,283920,4,18,786648,393528,393264,0
