workload,input_bytes,baseline_rps,final_rps,ratio,baseline_allocations,final_allocations,baseline_bytes,final_bytes
compile,0,4640176.0,4247563.0,0.9153883387181866,8.0,8.0,618.0,618.0
ascii/validate,100,12374287.0,12504429.0,1.0105171312092567,0.0,0.0,0.0,0.0
ascii/identity,100,11819510.0,11438960.0,0.9678032338058008,0.0,0.0,0.0,0.0
ascii/shallow,100,10257313.0,10212473.0,0.9956284847698418,0.0,0.0,0.0,0.0
ascii/nested,100,9652484.0,10013963.0,1.0374493239253233,0.0,0.0,0.0,0.0
ascii/missing,100,10746683.0,10760015.0,1.001240568834123,0.0,0.0,0.0,0.0
ascii/array_value,100,10372498.0,10267451.0,0.9898725456490809,0.0,0.0,0.0,0.0
ascii/identity_write,100,6415920.0,6405296.0,0.9983441190039776,0.0,0.0,0.0,0.0
ascii/validate,500,3367363.0,3434025.0,1.0197964995160902,0.0,0.0,0.0,0.0
ascii/identity,500,3460405.0,3495243.0,1.010067607693319,0.0,0.0,0.0,0.0
ascii/shallow,500,3335970.0,3335305.0,0.9998006576797753,0.0,0.0,0.0,0.0
ascii/nested,500,3271470.0,3257451.0,0.9957147704243047,0.0,0.0,0.0,0.0
ascii/missing,500,3355559.0,3394263.0,1.0115342927959246,0.0,0.0,0.0,0.0
ascii/array_value,500,3245178.0,3330452.0,1.0262771410381804,0.0,0.0,0.0,0.0
ascii/identity_write,500,1539901.0,1536354.0,0.9976966051713714,0.0,0.0,0.0,0.0
ascii/validate,1024,1804239.0,1779188.0,0.986115475832193,0.0,0.0,0.0,0.0
ascii/identity,1024,1761601.0,1769052.0,1.0042296751648074,0.0,0.0,0.0,0.0
ascii/shallow,1024,1730112.0,1726510.0,0.9979180538600969,0.0,0.0,0.0,0.0
ascii/nested,1024,1735342.0,1700168.0,0.9797307965807316,0.0,0.0,0.0,0.0
ascii/missing,1024,1759137.0,1708460.0,0.9711921243200501,0.0,0.0,0.0,0.0
ascii/array_value,1024,1735253.0,1734930.0,0.9998138599962081,0.0,0.0,0.0,0.0
ascii/identity_write,1024,771066.0,783765.0,1.016469407288092,0.0,0.0,0.0,0.0
ascii/validate,10240,193859.0,192217.0,0.9915299263897988,0.0,0.0,0.0,0.0
ascii/identity,10240,192328.0,192965.0,1.003312050247494,0.0,0.0,0.0,0.0
ascii/shallow,10240,191157.0,188466.0,0.9859225662675183,0.0,0.0,0.0,0.0
ascii/nested,10240,191832.0,191981.0,1.0007767212978023,0.0,0.0,0.0,0.0
ascii/missing,10240,192377.0,191968.0,0.9978739662225734,0.0,0.0,0.0,0.0
ascii/array_value,10240,191546.0,188536.0,0.9842857590343834,0.0,0.0,0.0,0.0
ascii/identity_write,10240,81543.0,81910.0,1.004500692885962,0.0,0.0,0.0,0.0
ascii/validate,65536,30280.0,30323.0,1.0014200792602377,0.0,0.0,0.0,0.0
ascii/identity,65536,30339.0,30230.0,0.9964072645769472,0.0,0.0,0.0,0.0
ascii/shallow,65536,30305.0,30159.0,0.9951823131496452,0.0,0.0,0.0,0.0
ascii/nested,65536,30228.0,30301.0,1.0024149794892152,0.0,0.0,0.0,0.0
ascii/missing,65536,30314.0,30206.0,0.9964372897011282,0.0,0.0,0.0,0.0
ascii/array_value,65536,29714.0,30176.0,1.015548226425254,0.0,0.0,0.0,0.0
ascii/identity_write,65536,12807.0,12787.0,0.9984383540251425,0.0,0.0,0.0,0.0
ascii/validate,1048576,1886.0,1879.0,0.996288441145281,0.0,0.0,0.0,0.0
ascii/identity,1048576,1880.0,1888.0,1.004255319148936,0.0,0.0,0.0,0.0
ascii/shallow,1048576,1889.0,1878.0,0.9941768131286395,0.0,0.0,0.0,0.0
ascii/nested,1048576,1883.0,1887.0,1.0021242697822623,0.0,0.0,0.0,0.0
ascii/missing,1048576,1856.0,1898.0,1.0226293103448276,0.0,0.0,0.0,0.0
ascii/array_value,1048576,1881.0,1880.0,0.9994683678894205,0.0,0.0,0.0,0.0
ascii/identity_write,1048576,793.0,789.0,0.9949558638083228,0.0,0.0,0.0,0.0
structured/validate,485,2013734.0,2006782.0,0.9965477068967401,0.0,0.0,0.0,0.0
structured/identity,485,2008036.0,2069815.0,1.030765882683378,0.0,0.0,0.0,0.0
structured/shallow,485,1939929.0,2020007.0,1.0412788303077072,0.0,0.0,0.0,0.0
structured/nested,485,1932834.0,2017471.0,1.0437890682800488,0.0,0.0,0.0,0.0
structured/missing,485,1982241.0,2035061.0,1.0266466085607149,0.0,0.0,0.0,0.0
structured/array_value,485,1965952.0,2021588.0,1.028299775376001,0.0,0.0,0.0,0.0
structured/identity_write,485,1272698.0,1283992.0,1.0088740612462659,0.0,0.0,0.0,0.0
unicode_escaped_keys/validate,960,1157000.0,1159332.0,1.0020155574762317,0.0,0.0,0.0,0.0
unicode_escaped_keys/identity,960,1150489.0,1152547.0,1.0017888045865715,0.0,0.0,0.0,0.0
unicode_escaped_keys/shallow,960,1131638.0,1124146.0,0.993379508287986,0.0,0.0,0.0,0.0
unicode_escaped_keys/nested,960,1122689.0,1118617.0,0.9963729937676418,0.0,0.0,0.0,0.0
unicode_escaped_keys/missing,960,1128763.0,1110204.0,0.9835581074149312,0.0,0.0,0.0,0.0
unicode_escaped_keys/array_value,960,1129480.0,1116485.0,0.9884947055282076,0.0,0.0,0.0,0.0
unicode_escaped_keys/identity_write,960,636298.0,648338.0,1.0189219516641574,0.0,0.0,0.0,0.0
array/shallow,78,4403966.0,4325475.0,0.9821772011863852,0.0,0.0,0.0,0.0
array/nested,78,4010820.0,3869308.0,0.9647174393266215,0.0,0.0,0.0,0.0
array/flatten,78,4409523.0,4278193.0,0.9702167331931367,0.0,0.0,0.0,0.0
array/missing,78,4513548.0,4403411.0,0.9755985756659727,0.0,0.0,0.0,0.0
array/root,67,4523494.0,4551460.0,1.0061823891001072,0.0,0.0,0.0,0.0
array/cancel_first,78,4409233.0,4327146.0,0.9813829298655798,0.0,0.0,0.0,0.0
array/shallow,540,620945.0,615059.0,0.9905208995965826,0.0,0.0,0.0,0.0
array/nested,540,555293.0,553874.0,0.9974445923143278,0.0,0.0,0.0,0.0
array/flatten,540,569577.0,557067.0,0.9780363322254937,0.0,0.0,0.0,0.0
array/missing,540,655217.0,646546.0,0.9867662163832746,0.0,0.0,0.0,0.0
array/root,529,635436.0,625277.0,0.9840125520115323,0.0,0.0,0.0,0.0
array/cancel_first,540,1275129.0,1260362.0,0.9884192109190522,0.0,0.0,0.0,0.0
array/shallow,1074,304780.0,300784.0,0.9868889034713564,0.0,0.0,0.0,0.0
array/nested,1074,271848.0,269711.0,0.9921389894352727,0.0,0.0,0.0,0.0
array/flatten,1074,278544.0,272771.0,0.9792743695789534,0.0,0.0,0.0,0.0
array/missing,1074,317590.0,312577.0,0.9842154979690796,0.0,0.0,0.0,0.0
array/root,1063,308660.0,303815.0,0.9843031166979849,0.0,0.0,0.0,0.0
array/cancel_first,1074,761981.0,760628.0,0.9982243651744598,0.0,0.0,0.0,0.0
array/shallow,8606,40489.0,39914.0,0.9857986119686829,0.0,0.0,0.0,0.0
array/nested,8606,35123.0,35516.0,1.0111892492099195,0.0,0.0,0.0,0.0
array/flatten,8606,36747.0,35887.0,0.976596728984679,0.0,0.0,0.0,0.0
array/missing,8606,41638.0,41201.0,0.9895047792881503,0.0,0.0,0.0,0.0
array/root,8595,40500.0,40106.0,0.9902716049382716,0.0,0.0,0.0,0.0
array/cancel_first,8606,128534.0,127182.0,0.9894813823579753,0.0,0.0,0.0,0.0
array/shallow,69558,5070.0,5001.0,0.9863905325443787,0.0,0.0,0.0,0.0
array/nested,69558,4540.0,4464.0,0.9832599118942731,0.0,0.0,0.0,0.0
array/flatten,69558,4607.0,4555.0,0.9887128283047536,0.0,0.0,0.0,0.0
array/missing,69558,5304.0,5181.0,0.9768099547511312,0.0,0.0,0.0,0.0
array/root,69547,5119.0,5080.0,0.992381324477437,0.0,0.0,0.0,0.0
array/cancel_first,69558,16842.0,16619.0,0.9867592922455766,0.0,0.0,0.0,0.0
array/shallow,1135782,317.0,309.0,0.9747634069400631,0.0,0.0,0.0,0.0
array/nested,1135782,282.0,276.0,0.9787234042553191,0.0,0.0,0.0,0.0
array/flatten,1135782,289.0,284.0,0.9826989619377162,0.0,0.0,0.0,0.0
array/missing,1135782,330.0,325.0,0.9848484848484849,0.0,0.0,0.0,0.0
array/root,1135771,320.0,314.0,0.98125,0.0,0.0,0.0,0.0
array/cancel_first,1135782,1051.0,1035.0,0.9847764034253093,0.0,0.0,0.0,0.0
array/nested_contexts,972,160323.0,156070.0,0.9734723027887452,0.0,0.0,0.0,0.0
array/sparse,785,231124.0,220133.0,0.9524454405427389,0.0,0.0,0.0,0.0
array/deep,136,74207.0,74640.0,1.005835029040387,0.0,0.0,0.0,0.0
array/empty,2,55494077.0,51715279.0,0.9319062825389456,0.0,0.0,0.0,0.0
array/singleton,12,13481555.0,12758187.0,0.9463438750203519,0.0,0.0,0.0,0.0
array/nested_values,31,4704806.0,4575985.0,0.9726192748436386,0.0,0.0,0.0,0.0
compile/scalar,0,639118.0,615647.0,0.9632759521715865,72.0,72.0,4134.0,4134.0
scalar/literal,100,11555084.0,11720608.0,1.014324776868779,0.0,0.0,0.0,0.0
scalar/arithmetic,100,3077787.0,3112758.0,1.0113623847264284,0.0,0.0,0.0,0.0
scalar/nested,100,3000615.0,3003729.0,1.001037787253613,0.0,0.0,0.0,0.0
scalar/comparison,100,3232387.0,3258318.0,1.0080222448611507,0.0,0.0,0.0,0.0
scalar/strings,100,4611325.0,4556867.0,0.9881903791209685,0.0,0.0,0.0,0.0
scalar/boolean,100,3094385.0,3066773.0,0.9910767406124319,0.0,0.0,0.0,0.0
scalar/missing,100,3244292.0,3274828.0,1.0094122230674674,0.0,0.0,0.0,0.0
scalar/short_circuit,100,10636578.0,10706665.0,1.006589243269781,0.0,0.0,0.0,0.0
scalar/mixed,100,4594388.0,4410428.0,0.9599598466651054,0.0,0.0,0.0,0.0
scalar/write,100,2876261.0,2850142.0,0.9909191133906137,0.0,0.0,0.0,0.0
scalar/literal,500,3332853.0,3365887.0,1.009911628265633,0.0,0.0,0.0,0.0
scalar/arithmetic,500,1054405.0,1046984.0,0.9929619074264633,0.0,0.0,0.0,0.0
scalar/nested,500,1044369.0,1033905.0,0.989980552850573,0.0,0.0,0.0,0.0
scalar/comparison,500,1064219.0,1074080.0,1.0092659499595478,0.0,0.0,0.0,0.0
scalar/strings,500,1564148.0,1571135.0,1.0044669685988794,0.0,0.0,0.0,0.0
scalar/boolean,500,1059118.0,1039833.0,0.9817914528881578,0.0,0.0,0.0,0.0
scalar/missing,500,1062115.0,1068285.0,1.0058091637911148,0.0,0.0,0.0,0.0
scalar/short_circuit,500,3286703.0,3287338.0,1.000193202732343,0.0,0.0,0.0,0.0
scalar/mixed,500,2251809.0,2252751.0,1.0004183303290821,0.0,0.0,0.0,0.0
scalar/write,500,1026968.0,1016660.0,0.9899626862764954,0.0,0.0,0.0,0.0
scalar/literal,1024,1772397.0,1767897.0,0.9974610654384994,0.0,0.0,0.0,0.0
scalar/arithmetic,1024,577659.0,570310.0,0.9872779615655604,0.0,0.0,0.0,0.0
scalar/nested,1024,577355.0,565711.0,0.9798321656519818,0.0,0.0,0.0,0.0
scalar/comparison,1024,574947.0,580626.0,1.0098774321807054,0.0,0.0,0.0,0.0
scalar/strings,1024,850239.0,846642.0,0.9957694248323119,0.0,0.0,0.0,0.0
scalar/boolean,1024,580835.0,568606.0,0.9789458279890159,0.0,0.0,0.0,0.0
scalar/missing,1024,581313.0,582263.0,1.0016342314725457,0.0,0.0,0.0,0.0
scalar/short_circuit,1024,1744551.0,1749142.0,1.002631622692601,0.0,0.0,0.0,0.0
scalar/mixed,1024,1404331.0,1424754.0,1.0145428677427188,0.0,0.0,0.0,0.0
scalar/write,1024,570629.0,562363.0,0.9855142307874293,0.0,0.0,0.0,0.0
scalar/literal,10240,187947.0,188675.0,1.0038734324038159,0.0,0.0,0.0,0.0
scalar/arithmetic,10240,63990.0,63674.0,0.9950617283950617,0.0,0.0,0.0,0.0
scalar/nested,10240,63663.0,63655.0,0.9998743383126777,0.0,0.0,0.0,0.0
scalar/comparison,10240,63811.0,63738.0,0.9988559966150037,0.0,0.0,0.0,0.0
scalar/strings,10240,95045.0,95008.0,0.9996107107159766,0.0,0.0,0.0,0.0
scalar/boolean,10240,63668.0,63679.0,1.000172771250864,0.0,0.0,0.0,0.0
scalar/missing,10240,63771.0,63795.0,1.0003763466152327,0.0,0.0,0.0,0.0
scalar/short_circuit,10240,187414.0,187593.0,1.0009551047413747,0.0,0.0,0.0,0.0
scalar/mixed,10240,182689.0,182596.0,0.9994909381517223,0.0,0.0,0.0,0.0
scalar/write,10240,63575.0,63991.0,1.0065434526150216,0.0,0.0,0.0,0.0
scalar/literal,65536,29608.0,29623.0,1.0005066198324777,0.0,0.0,0.0,0.0
scalar/arithmetic,65536,10094.0,10101.0,1.0006934812760055,0.0,0.0,0.0,0.0
scalar/nested,65536,10144.0,10092.0,0.9948738170347003,0.0,0.0,0.0,0.0
scalar/comparison,65536,10119.0,10118.0,0.9999011760055342,0.0,0.0,0.0,0.0
scalar/strings,65536,15059.0,15052.0,0.9995351616973238,0.0,0.0,0.0,0.0
scalar/boolean,65536,10093.0,10171.0,1.007728128405826,0.0,0.0,0.0,0.0
scalar/missing,65536,10093.0,10090.0,0.9997027642920836,0.0,0.0,0.0,0.0
scalar/short_circuit,65536,29620.0,29628.0,1.000270087778528,0.0,0.0,0.0,0.0
scalar/mixed,65536,29471.0,29472.0,1.0000339316616336,0.0,0.0,0.0,0.0
scalar/write,65536,10089.0,10097.0,1.0007929428089999,0.0,0.0,0.0,0.0
scalar/literal,1048576,1854.0,1856.0,1.0010787486515642,0.0,0.0,0.0,0.0
scalar/arithmetic,1048576,632.0,633.0,1.0015822784810127,0.0,0.0,0.0,0.0
scalar/nested,1048576,632.0,632.0,1.0,0.0,0.0,0.0,0.0
scalar/comparison,1048576,632.0,632.0,1.0,0.0,0.0,0.0,0.0
scalar/strings,1048576,943.0,943.0,1.0,0.0,0.0,0.0,0.0
scalar/boolean,1048576,633.0,633.0,1.0,0.0,0.0,0.0,0.0
scalar/missing,1048576,632.0,632.0,1.0,0.0,0.0,0.0,0.0
scalar/short_circuit,1048576,1868.0,1856.0,0.9935760171306209,0.0,0.0,0.0,0.0
scalar/mixed,1048576,1856.0,1856.0,1.0,0.0,0.0,0.0,0.0
scalar/write,1048576,632.0,633.0,1.0015822784810127,0.0,0.0,0.0,0.0
scalar/sequence_boolean,330,568269.0,559298.0,0.9842134622863468,0.0,0.0,0.0,0.0
scalar/sequence_array_equality,330,396205.0,395023.0,0.9970166959023737,0.0,0.0,0.0,0.0
scalar/sequence_equality,330,316158.0,310667.0,0.9826321016706836,3.0,3.0,672.0,672.0
scalar/array_equality,330,285227.0,279550.0,0.9800965546739965,16.0,16.0,3264.0,3264.0
scalar/singleton,15,8118021.0,7896855.0,0.9727561680365202,0.0,0.0,0.0,0.0
scalar/sequence_type_error,330,902935.0,902117.0,0.9990940654642915,0.0,0.0,0.0,0.0
scalar/object_equality,125,726208.0,719020.0,0.9901020093416762,3.0,3.0,1396.0,1396.0
scalar/object_equality,2389,43970.0,43178.0,0.9819877188992495,7.0,7.0,24948.0,24948.0
scalar/escaped_strings,26,11158993.0,11075545.0,0.9925219058744816,0.0,0.0,0.0,0.0
compile/filter,0,1150516.0,1070515.0,0.9304651130449294,34.0,34.0,2149.0,2149.0
filter/predicate,100,2120698.0,2048486.0,0.9659489469976394,0.0,0.0,0.0,0.0
filter/none,100,2374044.0,2382042.0,1.0033689350323751,0.0,0.0,0.0,0.0
filter/first,100,2958832.0,2976104.0,1.005837438556836,0.0,0.0,0.0,0.0
filter/last,100,2561105.0,2553702.0,0.9971094508034618,0.0,0.0,0.0,0.0
filter/computed_last,100,2319656.0,2275033.0,0.9807630959073242,0.0,0.0,0.0,0.0
filter/chained,100,1573258.0,1545899.0,0.9826099724266458,0.0,0.0,0.0,0.0
filter/predicate,500,1119760.0,1106436.0,0.9881010216474959,0.0,0.0,0.0,0.0
filter/none,500,1187768.0,1186153.0,0.9986403068612726,0.0,0.0,0.0,0.0
filter/first,500,1325024.0,1321732.0,0.9975155167000749,0.0,0.0,0.0,0.0
filter/last,500,1238904.0,1233024.0,0.9952538695492145,0.0,0.0,0.0,0.0
filter/computed_last,500,1176261.0,1175044.0,0.9989653656798959,0.0,0.0,0.0,0.0
filter/chained,500,945566.0,936553.0,0.9904681428900786,0.0,0.0,0.0,0.0
filter/predicate,1024,698502.0,694004.0,0.9935605051954038,0.0,0.0,0.0,0.0
filter/none,1024,729439.0,725703.0,0.9948782557554504,0.0,0.0,0.0,0.0
filter/first,1024,779023.0,780268.0,1.001598155638537,0.0,0.0,0.0,0.0
filter/last,1024,750344.0,739943.0,0.9861383578731888,0.0,0.0,0.0,0.0
filter/computed_last,1024,720413.0,723316.0,1.0040296330021807,0.0,0.0,0.0,0.0
filter/chained,1024,631136.0,625084.0,0.9904109415403336,0.0,0.0,0.0,0.0
filter/predicate,10240,92818.0,92772.0,0.9995044064728824,0.0,0.0,0.0,0.0
filter/none,10240,93388.0,93185.0,0.99782627318285,0.0,0.0,0.0,0.0
filter/first,10240,94049.0,93972.0,0.9991812778445278,0.0,0.0,0.0,0.0
filter/last,10240,93618.0,93505.0,0.9987929671644342,0.0,0.0,0.0,0.0
filter/computed_last,10240,93131.0,93116.0,0.9998389365517389,0.0,0.0,0.0,0.0
filter/chained,10240,91499.0,91436.0,0.9993114678848949,0.0,0.0,0.0,0.0
filter/predicate,65536,14994.0,14992.0,0.9998666133119914,0.0,0.0,0.0,0.0
filter/none,65536,15027.0,15008.0,0.9987356092367072,0.0,0.0,0.0,0.0
filter/first,65536,15023.0,15069.0,1.00306197164348,0.0,0.0,0.0,0.0
filter/last,65536,15023.0,15017.0,0.9996006123943287,0.0,0.0,0.0,0.0
filter/computed_last,65536,15002.0,15005.0,1.0001999733368885,0.0,0.0,0.0,0.0
filter/chained,65536,14951.0,14999.0,1.0032104875928032,0.0,0.0,0.0,0.0
filter/predicate,1048576,943.0,943.0,1.0,0.0,0.0,0.0,0.0
filter/none,1048576,943.0,943.0,1.0,0.0,0.0,0.0,0.0
filter/first,1048576,943.0,943.0,1.0,0.0,0.0,0.0,0.0
filter/last,1048576,946.0,943.0,0.9968287526427061,0.0,0.0,0.0,0.0
filter/computed_last,1048576,943.0,943.0,1.0,0.0,0.0,0.0,0.0
filter/chained,1048576,943.0,943.0,1.0,0.0,0.0,0.0,0.0
filter/wide_predicate,164,636566.0,612870.0,0.9627752660368288,0.0,0.0,0.0,0.0
filter/wide_last,164,1152134.0,1140755.0,0.9901235446571319,0.0,0.0,0.0,0.0
filter/sequence_last,164,616411.0,606623.0,0.984120984213455,0.0,0.0,0.0,0.0
filter/wide_predicate,2736,41113.0,39327.0,0.9565587527059568,0.0,0.0,0.0,0.0
filter/wide_last,2736,85065.0,84213.0,0.989984129783107,0.0,0.0,0.0,0.0
filter/sequence_last,2736,45424.0,44983.0,0.9902914758717858,0.0,0.0,0.0,0.0
filter/wide_predicate,23392,5002.0,4848.0,0.9692123150739704,0.0,0.0,0.0,0.0
filter/wide_last,23392,10635.0,10346.0,0.9728255759285378,0.0,0.0,0.0,0.0
filter/sequence_last,23392,5675.0,5667.0,0.998590308370044,0.0,0.0,0.0,0.0
filter/nested,892,76874.0,74765.0,0.97256549678695,0.0,0.0,0.0,0.0
filter/per_group,892,106749.0,104655.0,0.9803838911839924,0.0,0.0,0.0,0.0
filter/global,892,156250.0,152282.0,0.9746048,0.0,0.0,0.0,0.0
filter/deep,136,73772.0,72973.0,0.9891693325380904,0.0,0.0,0.0,0.0
filter/negative_chain,20,113560.0,114101.0,1.0047640014089467,0.0,0.0,0.0,0.0
compile/aggregate,0,872982.0,819745.0,0.9390170702259611,48.0,48.0,3425.0,3425.0
aggregate/count,100,3793759.0,3751486.0,0.9888572257752799,0.0,0.0,0.0,0.0
aggregate/sum,100,3659663.0,3617165.0,0.9883874553476645,0.0,0.0,0.0,0.0
aggregate/min,100,3644151.0,3609308.0,0.9904386508681995,0.0,0.0,0.0,0.0
aggregate/max,100,3663679.0,3606727.0,0.9844549699905477,0.0,0.0,0.0,0.0
aggregate/filtered_count,100,5525042.0,5489079.0,0.993490909209378,0.0,0.0,0.0,0.0
aggregate/filtered_sum,100,5507966.0,5390549.0,0.9786823302830845,0.0,0.0,0.0,0.0
aggregate/empty_sum,100,5738660.0,5568622.0,0.9703697378830598,0.0,0.0,0.0,0.0
aggregate/count,500,1468718.0,1462578.0,0.9958194833861912,0.0,0.0,0.0,0.0
aggregate/sum,500,1445493.0,1443190.0,0.9984067719456269,0.0,0.0,0.0,0.0
aggregate/min,500,1444613.0,1431440.0,0.9908812948519776,0.0,0.0,0.0,0.0
aggregate/max,500,1444516.0,1433262.0,0.9922091551772358,0.0,0.0,0.0,0.0
aggregate/filtered_count,500,2530482.0,2528831.0,0.9993475551298132,0.0,0.0,0.0,0.0
aggregate/filtered_sum,500,2535490.0,2512638.0,0.9909871464687299,0.0,0.0,0.0,0.0
aggregate/empty_sum,500,2562295.0,2532491.0,0.9883682401909226,0.0,0.0,0.0,0.0
aggregate/count,1024,826021.0,823940.0,0.9974806935901145,0.0,0.0,0.0,0.0
aggregate/sum,1024,823522.0,815264.0,0.9899723383224734,0.0,0.0,0.0,0.0
aggregate/min,1024,823340.0,815460.0,0.9904292272937061,0.0,0.0,0.0,0.0
aggregate/max,1024,819802.0,820925.0,1.001369842962081,0.0,0.0,0.0,0.0
aggregate/filtered_count,1024,1520470.0,1513747.0,0.9955783409077457,0.0,0.0,0.0,0.0
aggregate/filtered_sum,1024,1510587.0,1507023.0,0.9976406522762343,0.0,0.0,0.0,0.0
aggregate/empty_sum,1024,1524380.0,1507498.0,0.9889253335782416,0.0,0.0,0.0,0.0
aggregate/count,10240,94774.0,94832.0,1.000611982189208,0.0,0.0,0.0,0.0
aggregate/sum,10240,94650.0,94633.0,0.9998203909138933,0.0,0.0,0.0,0.0
aggregate/min,10240,94620.0,94613.0,0.9999260198689495,0.0,0.0,0.0,0.0
aggregate/max,10240,94616.0,94554.0,0.9993447197091401,0.0,0.0,0.0,0.0
aggregate/filtered_count,10240,184489.0,184365.0,0.9993278732065326,0.0,0.0,0.0,0.0
aggregate/filtered_sum,10240,184351.0,184276.0,0.999593167381788,0.0,0.0,0.0,0.0
aggregate/empty_sum,10240,184543.0,184566.0,1.0001246321995416,0.0,0.0,0.0,0.0
aggregate/count,65536,15042.0,15042.0,1.0,0.0,0.0,0.0,0.0
aggregate/sum,65536,15216.0,15039.0,0.9883675078864353,0.0,0.0,0.0,0.0
aggregate/min,65536,15043.0,15054.0,1.0007312371202552,0.0,0.0,0.0,0.0
aggregate/max,65536,15045.0,15051.0,1.0003988035892324,0.0,0.0,0.0,0.0
aggregate/filtered_count,65536,29522.0,29544.0,1.000745206964298,0.0,0.0,0.0,0.0
aggregate/filtered_sum,65536,29545.0,29540.0,0.9998307666271788,0.0,0.0,0.0,0.0
aggregate/empty_sum,65536,29530.0,29539.0,1.0003047748052827,0.0,0.0,0.0,0.0
aggregate/count,1048576,943.0,944.0,1.0010604453870626,0.0,0.0,0.0,0.0
aggregate/sum,1048576,945.0,944.0,0.9989417989417989,0.0,0.0,0.0,0.0
aggregate/min,1048576,948.0,943.0,0.9947257383966245,0.0,0.0,0.0,0.0
aggregate/max,1048576,945.0,943.0,0.9978835978835979,0.0,0.0,0.0,0.0
aggregate/filtered_count,1048576,1856.0,1855.0,0.9994612068965517,0.0,0.0,0.0,0.0
aggregate/filtered_sum,1048576,1855.0,1855.0,1.0,0.0,0.0,0.0,0.0
aggregate/empty_sum,1048576,1855.0,1856.0,1.0005390835579515,0.0,0.0,0.0,0.0
aggregate/array_count,23,5422985.0,5475361.0,1.0096581495246622,0.0,0.0,0.0,0.0
aggregate/array_sum,23,4412340.0,4471315.0,1.0133659237502097,0.0,0.0,0.0,0.0
aggregate/array_min,23,4302487.0,4389515.0,1.020227370820644,0.0,0.0,0.0,0.0
aggregate/array_max,23,4284586.0,4337587.0,1.0123701566499073,0.0,0.0,0.0,0.0
aggregate/sequence_sum,23,2350448.0,2283627.0,0.9715709515802945,0.0,0.0,0.0,0.0
aggregate/computed_sum,23,3420318.0,3352717.0,0.9802354634861437,0.0,0.0,0.0,0.0
aggregate/wide_filtered_sum,23,1345317.0,1315921.0,0.978149387839446,0.0,0.0,0.0,0.0
aggregate/array_count,409,449585.0,448656.0,0.9979336499215944,0.0,0.0,0.0,0.0
aggregate/array_sum,409,342694.0,346232.0,1.0103240792076897,0.0,0.0,0.0,0.0
aggregate/array_min,409,335581.0,340159.0,1.0136420119136662,0.0,0.0,0.0,0.0
aggregate/array_max,409,340805.0,339682.0,0.9967048605507548,0.0,0.0,0.0,0.0
aggregate/sequence_sum,409,190234.0,181753.0,0.9554180640684631,0.0,0.0,0.0,0.0
aggregate/computed_sum,409,236428.0,232529.0,0.9835087214712301,0.0,0.0,0.0,0.0
aggregate/wide_filtered_sum,409,89503.0,87117.0,0.9733416756980213,0.0,0.0,0.0,0.0
aggregate/array_count,4017,58216.0,58331.0,1.0019754019513536,0.0,0.0,0.0,0.0
aggregate/array_sum,4017,43219.0,43099.0,0.9972234433929522,0.0,0.0,0.0,0.0
aggregate/array_min,4017,43772.0,43723.0,0.9988805629169332,0.0,0.0,0.0,0.0
aggregate/array_max,4017,43409.0,43827.0,1.009629339537884,0.0,0.0,0.0,0.0
aggregate/sequence_sum,4017,24100.0,23445.0,0.9728215767634855,0.0,0.0,0.0,0.0
aggregate/computed_sum,4017,30304.0,29190.0,0.9632391763463569,0.0,0.0,0.0,0.0
aggregate/wide_filtered_sum,4017,10729.0,10695.0,0.9968310187342716,0.0,0.0,0.0,0.0
aggregate/array_count,87201,3370.0,3478.0,1.0320474777448072,0.0,0.0,0.0,0.0
aggregate/array_sum,87201,2552.0,2602.0,1.0195924764890283,0.0,0.0,0.0,0.0
aggregate/array_min,87201,2466.0,2570.0,1.0421735604217357,0.0,0.0,0.0,0.0
aggregate/array_max,87201,2510.0,2487.0,0.9908366533864542,0.0,0.0,0.0,0.0
aggregate/sequence_sum,87201,1451.0,1397.0,0.9627842866988284,0.0,0.0,0.0,0.0
aggregate/computed_sum,87201,1815.0,1773.0,0.9768595041322314,0.0,0.0,0.0,0.0
aggregate/wide_filtered_sum,87201,631.0,620.0,0.9825673534072901,0.0,0.0,0.0,0.0
aggregate/nested_sum,1036,131131.0,127810.0,0.9746741807810511,0.0,0.0,0.0,0.0
aggregate/nested_filtered_sum,1036,72071.0,70017.0,0.9715003260673503,0.0,0.0,0.0,0.0
aggregate/nested_filtered_count,1036,73405.0,71091.0,0.9684762618350249,0.0,0.0,0.0,0.0
aggregate/nested_sum,16396,8368.0,8122.0,0.970602294455067,0.0,0.0,0.0,0.0
aggregate/nested_filtered_sum,16396,4640.0,4496.0,0.9689655172413794,0.0,0.0,0.0,0.0
aggregate/nested_filtered_count,16396,4725.0,4577.0,0.9686772486772487,0.0,0.0,0.0,0.0
aggregate/nested_sum,1048588,132.0,128.0,0.9696969696969697,0.0,0.0,0.0,0.0
aggregate/nested_filtered_sum,1048588,72.0,71.0,0.9861111111111112,0.0,0.0,0.0,0.0
aggregate/nested_filtered_count,1048588,74.0,72.0,0.972972972972973,0.0,0.0,0.0,0.0
aggregate/deep_sum,136,74403.0,73416.0,0.986734405870731,0.0,0.0,0.0,0.0
aggregate/deep_filtered_sum,136,74418.0,72414.0,0.9730710312021286,0.0,0.0,0.0,0.0
compile/constructor,0,422912.0,396361.0,0.9372186175847458,84.0,84.0,6697.0,6697.0
construct/raw_member,100,5985476.0,6002100.0,1.0027773898015797,3.0,3.0,168.0,168.0
construct/raw_member_write,100,4111565.0,4164442.0,1.0128605530983945,3.0,3.0,168.0,168.0
construct/scalars,100,1947114.0,1958413.0,1.005802947336417,3.0,3.0,552.0,552.0
construct/filtered_summary,100,1096251.0,1082089.0,0.9870814256953927,5.0,5.0,368.0,368.0
construct/nested,100,681856.0,685327.0,1.0050905176459546,15.0,15.0,1352.0,1352.0
construct/navigate,100,1912796.0,1884516.0,0.9852153601324971,3.0,3.0,168.0,168.0
construct/raw_member,500,2608144.0,2613738.0,1.0021448202246501,3.0,3.0,168.0,168.0
construct/raw_member_write,500,1331886.0,1338156.0,1.0047076101107753,3.0,3.0,168.0,168.0
construct/scalars,500,875181.0,878377.0,1.0036518160243424,3.0,3.0,552.0,552.0
construct/filtered_summary,500,648848.0,644052.0,0.9926084383399502,5.0,5.0,368.0,368.0
construct/nested,500,433847.0,431101.0,0.9936705797205005,15.0,15.0,1352.0,1352.0
construct/navigate,500,1061258.0,1050775.0,0.9901221003752151,3.0,3.0,168.0,168.0
construct/raw_member,1024,1524717.0,1530434.0,1.0037495482768277,3.0,3.0,168.0,168.0
construct/raw_member_write,1024,722160.0,725161.0,1.004155588789188,3.0,3.0,168.0,168.0
construct/scalars,1024,515820.0,516118.0,1.0005777209103952,3.0,3.0,552.0,552.0
construct/filtered_summary,1024,426038.0,424798.0,0.9970894615034339,5.0,5.0,368.0,368.0
construct/nested,1024,297259.0,296950.0,0.9989605024574529,15.0,15.0,1352.0,1352.0
construct/navigate,1024,675350.0,669146.0,0.9908136521803509,3.0,3.0,168.0,168.0
construct/raw_member,10240,184570.0,184637.0,1.0003630059056186,3.0,3.0,168.0,168.0
construct/raw_member_write,10240,79739.0,79595.0,0.9981941082782578,3.0,3.0,168.0,168.0
construct/scalars,10240,63041.0,63073.0,1.0005076061610698,3.0,3.0,552.0,552.0
construct/filtered_summary,10240,61430.0,61312.0,0.998079114439199,5.0,5.0,368.0,368.0
construct/nested,10240,45606.0,45610.0,1.0000877077577512,15.0,15.0,1352.0,1352.0
construct/navigate,10240,92314.0,92275.0,0.9995775288688606,3.0,3.0,168.0,168.0
construct/raw_member,65536,29562.0,29534.0,0.9990528381029701,3.0,3.0,168.0,168.0
construct/raw_member_write,65536,12605.0,12595.0,0.9992066640222134,3.0,3.0,168.0,168.0
construct/scalars,65536,10057.0,10054.0,0.999701700308243,3.0,3.0,552.0,552.0
construct/filtered_summary,65536,10033.0,10054.0,1.0020930927937806,5.0,5.0,368.0,368.0
construct/nested,65536,7527.0,7531.0,1.0005314202205393,15.0,15.0,1352.0,1352.0
construct/navigate,65536,14985.0,14981.0,0.999733066399733,3.0,3.0,168.0,168.0
construct/raw_member,1048576,1855.0,1854.0,0.9994609164420485,3.0,3.0,168.0,168.0
construct/raw_member_write,1048576,782.0,785.0,1.0038363171355498,3.0,3.0,168.0,168.0
construct/scalars,1048576,631.0,631.0,1.0,3.0,3.0,552.0,552.0
construct/filtered_summary,1048576,633.0,632.0,0.9984202211690363,5.0,5.0,368.0,368.0
construct/nested,1048576,475.0,475.0,1.0,15.0,15.0,1352.0,1352.0
construct/navigate,1048576,942.0,943.0,1.0010615711252655,3.0,3.0,168.0,168.0
construct/mapped_objects,262,430769.0,437191.0,1.0149082222722619,12.0,12.0,1184.0,1184.0
construct/collected_objects,262,415544.0,419163.0,1.00870906570664,15.0,15.0,1352.0,1352.0
construct/collected_write,262,389254.0,390671.0,1.00364029656728,15.0,15.0,1352.0,1352.0
construct/filtered_aggregate,262,358170.0,359603.0,1.0040008934304938,3.0,3.0,296.0,296.0
construct/mapped_objects,4334,28539.0,28632.0,1.003258698622937,192.0,192.0,18944.0,18944.0
construct/collected_objects,4334,28646.0,28569.0,0.9973120156391817,199.0,199.0,21992.0,21992.0
construct/collected_write,4334,26137.0,26066.0,0.997283544400658,199.0,199.0,21992.0,21992.0
construct/filtered_aggregate,4334,26256.0,26272.0,1.000609384521633,3.0,3.0,296.0,296.0
construct/mapped_objects,36190,3571.0,3613.0,1.0117614113693643,1536.0,1536.0,151552.0,151552.0
construct/collected_objects,36190,3580.0,3580.0,1.0,1546.0,1546.0,176104.0,176104.0
construct/collected_write,36190,3264.0,3266.0,1.0006127450980393,1546.0,1546.0,176104.0,176104.0
construct/filtered_aggregate,36190,3329.0,3336.0,1.0021027335536197,3.0,3.0,296.0,296.0
construct/mapped_objects,624958,219.0,220.0,1.004566210045662,24576.0,24576.0,2424832.0,2424832.0
construct/collected_objects,624958,218.0,220.0,1.0091743119266054,24590.0,24590.0,2818024.0,2818024.0
construct/collected_write,624958,199.0,200.0,1.0050251256281406,24590.0,24590.0,2818024.0,2818024.0
construct/filtered_aggregate,624958,201.0,201.0,1.0,3.0,3.0,296.0,296.0
construct/nested_summary,1036,37754.0,36586.0,0.9690628807543572,3.0,3.0,296.0,296.0
construct/nested_summary,16396,2434.0,2364.0,0.971240755957272,3.0,3.0,296.0,296.0
construct/nested_summary,1048588,38.0,37.0,0.9736842105263158,3.0,3.0,296.0,296.0
compile/lexical,0,737886.0,694207.0,0.9408052192344075,40.0,40.0,3016.0,3016.0
lexical/lookup,100,3071232.0,3001080.0,0.977158352088022,5.0,5.0,504.0,504.0
lexical/repeated_binding,100,2477597.0,2400780.0,0.9689953612310638,5.0,5.0,504.0,504.0
lexical/retained_sequence,100,1758021.0,1803711.0,1.0259894506379617,7.0,7.0,648.0,648.0
lexical/closure_call,100,1645597.0,1637156.0,0.9948705545768496,8.0,8.0,768.0,768.0
lexical/escaped_closure,100,1436430.0,1453068.0,1.0115828825630209,11.0,11.0,1032.0,1032.0
lexical/mixed,100,802072.0,779376.0,0.9717032884828295,14.0,14.0,1480.0,1480.0
lexical/lookup,500,1331671.0,1313010.0,0.9859867790167391,5.0,5.0,504.0,504.0
lexical/repeated_binding,500,1206367.0,1188803.0,0.9854405831724509,5.0,5.0,504.0,504.0
lexical/retained_sequence,500,1008455.0,1017982.0,1.0094471245618297,7.0,7.0,648.0,648.0
lexical/closure_call,500,804932.0,802802.0,0.9973538137383033,8.0,8.0,768.0,768.0
lexical/escaped_closure,500,745236.0,750581.0,1.0071722246375645,11.0,11.0,1032.0,1032.0
lexical/mixed,500,529358.0,518495.0,0.9794789159699108,14.0,14.0,1480.0,1480.0
lexical/lookup,1024,781588.0,770606.0,0.9859491189731675,5.0,5.0,504.0,504.0
lexical/repeated_binding,1024,734356.0,724093.0,0.9860244894846641,5.0,5.0,504.0,504.0
lexical/retained_sequence,1024,654438.0,658061.0,1.0055360477233901,7.0,7.0,648.0,648.0
lexical/closure_call,1024,488157.0,486695.0,0.9970050618960703,8.0,8.0,768.0,768.0
lexical/escaped_closure,1024,466205.0,466872.0,1.0014307010864318,11.0,11.0,1032.0,1032.0
lexical/mixed,1024,373724.0,369276.0,0.9880981687020368,14.0,14.0,1480.0,1480.0
lexical/lookup,10240,94220.0,94042.0,0.9981108045001061,5.0,5.0,504.0,504.0
lexical/repeated_binding,10240,93308.0,93154.0,0.998349552021263,5.0,5.0,504.0,504.0
lexical/retained_sequence,10240,91927.0,92145.0,1.0023714469089604,7.0,7.0,648.0,648.0
lexical/closure_call,10240,62541.0,62483.0,0.99907260836891,8.0,8.0,768.0,768.0
lexical/escaped_closure,10240,62202.0,62158.0,0.9992926272467123,11.0,11.0,1032.0,1032.0
lexical/mixed,10240,60170.0,59985.0,0.9969253780953964,14.0,14.0,1480.0,1480.0
lexical/lookup,65536,15052.0,15035.0,0.9988705819824608,5.0,5.0,504.0,504.0
lexical/repeated_binding,65536,15008.0,15002.0,0.9996002132196162,5.0,5.0,504.0,504.0
lexical/retained_sequence,65536,15014.0,14968.0,0.9969361928866391,7.0,7.0,648.0,648.0
lexical/closure_call,65536,10066.0,10060.0,0.9994039340353665,8.0,8.0,768.0,768.0
lexical/escaped_closure,65536,10039.0,10051.0,1.0011953381810936,11.0,11.0,1032.0,1032.0
lexical/mixed,65536,9994.0,9989.0,0.999499699819892,14.0,14.0,1480.0,1480.0
lexical/lookup,1048576,944.0,942.0,0.9978813559322034,5.0,5.0,504.0,504.0
lexical/repeated_binding,1048576,945.0,942.0,0.9968253968253968,5.0,5.0,504.0,504.0
lexical/retained_sequence,1048576,940.0,943.0,1.0031914893617022,7.0,7.0,648.0,648.0
lexical/closure_call,1048576,632.0,631.0,0.9984177215189873,8.0,8.0,768.0,768.0
lexical/escaped_closure,1048576,631.0,632.0,1.0015847860538827,11.0,11.0,1032.0,1032.0
lexical/mixed,1048576,632.0,633.0,1.0015822784810127,14.0,14.0,1480.0,1480.0
lexical/mapped_calls,106,534842.0,534765.0,0.9998560322487763,25.0,25.0,2392.0,2392.0
lexical/repeated_projection,106,990116.0,986211.0,0.9960560176787366,8.0,8.0,840.0,840.0
lexical/mapped_calls,1692,41784.0,41817.0,1.00078977599081,269.0,269.0,30232.0,30232.0
lexical/repeated_projection,1692,90143.0,88584.0,0.9827052572024451,12.0,12.0,6600.0,6600.0
lexical/mapped_calls,14260,5398.0,5426.0,1.0051871063356799,2064.0,2064.0,238104.0,238104.0
lexical/repeated_projection,14260,11906.0,11720.0,0.9843776247270284,15.0,15.0,49608.0,49608.0
lexical/mapped_calls,251044,336.0,339.0,1.0089285714285714,32788.0,32788.0,3801624.0,3801624.0
lexical/repeated_projection,251044,718.0,720.0,1.0027855153203342,19.0,19.0,786888.0,786888.0
lexical/nested_retention,1036,67796.0,65813.0,0.9707504867543808,10.0,10.0,1992.0,1992.0
lexical/nested_retention,16396,4499.0,4323.0,0.960880195599022,14.0,14.0,25032.0,25032.0
lexical/nested_retention,1048588,70.0,68.0,0.9714285714285714,20.0,20.0,1573320.0,1573320.0
compile/nested_fallback,0,305843.0,289459.0,0.9464300310943851,113.0,113.0,8089.0,8089.0
compile/navigation,0,549773.0,505536.0,0.919535881172775,55.0,55.0,4655.0,4655.0
navigation/keep,100,1899518.0,1858433.0,0.978370828810256,2.0,2.0,144.0,144.0
navigation/wildcard,100,1126343.0,1092766.0,0.9701893650513209,8.0,8.0,1072.0,1072.0
navigation/descendants,100,789272.0,771918.0,0.9780126496315592,8.0,8.0,1072.0,1072.0
navigation/ordering,100,1597250.0,1612717.0,1.0096835185475035,6.0,6.0,320.0,320.0
navigation/grouping,100,1303261.0,1290376.0,0.9901132620403741,11.0,11.0,824.0,824.0
navigation/membership,100,1649574.0,1602119.0,0.9712319665562139,2.0,2.0,32.0,32.0
navigation/fallback,100,3098529.0,3144989.0,1.0149942117695203,0.0,0.0,0.0,0.0
navigation/mixed,100,1141797.0,1123010.0,0.9835461119621088,11.0,11.0,968.0,968.0
navigation/keep,500,1048268.0,1044055.0,0.9959809895942641,2.0,2.0,144.0,144.0
navigation/wildcard,500,763184.0,746159.0,0.9776921423929222,8.0,8.0,1072.0,1072.0
navigation/descendants,500,475735.0,469605.0,0.9871146751868162,8.0,8.0,1072.0,1072.0
navigation/ordering,500,949446.0,952695.0,1.0034219955637287,6.0,6.0,320.0,320.0
navigation/grouping,500,836022.0,829573.0,0.992286088165144,11.0,11.0,824.0,824.0
navigation/membership,500,970773.0,955639.0,0.9844103616396418,2.0,2.0,32.0,32.0
navigation/fallback,500,1042905.0,1041864.0,0.999001826628504,0.0,0.0,0.0,0.0
navigation/mixed,500,763251.0,752722.0,0.9862050622927451,11.0,11.0,968.0,968.0
navigation/keep,1024,672162.0,670624.0,0.997711861128716,2.0,2.0,144.0,144.0
navigation/wildcard,1024,539151.0,533324.0,0.9891922671014243,8.0,8.0,1072.0,1072.0
navigation/descendants,1024,314739.0,311940.0,0.9911069171599325,8.0,8.0,1072.0,1072.0
navigation/ordering,1024,629432.0,632479.0,1.0048408724055975,6.0,6.0,320.0,320.0
navigation/grouping,1024,581156.0,574142.0,0.9879309514140782,11.0,11.0,824.0,824.0
navigation/membership,1024,638076.0,632737.0,0.9916326581786495,2.0,2.0,32.0,32.0
navigation/fallback,1024,570332.0,570470.0,1.0002419643295484,0.0,0.0,0.0,0.0
navigation/mixed,1024,543239.0,541255.0,0.9963478321696344,11.0,11.0,968.0,968.0
navigation/keep,10240,92189.0,92119.0,0.9992406903209711,2.0,2.0,144.0,144.0
navigation/wildcard,10240,89135.0,89065.0,0.9992146743703372,8.0,8.0,1072.0,1072.0
navigation/descendants,10240,46070.0,46055.0,0.999674408508791,8.0,8.0,1072.0,1072.0
navigation/ordering,10240,91370.0,91414.0,1.000481558498413,6.0,6.0,320.0,320.0
navigation/grouping,10240,90233.0,89986.0,0.9972626422705662,11.0,11.0,824.0,824.0
navigation/membership,10240,91599.0,91433.0,0.9981877531414098,2.0,2.0,32.0,32.0
navigation/fallback,10240,63672.0,63711.0,1.0006125141349416,0.0,0.0,0.0,0.0
navigation/mixed,10240,89319.0,89189.0,0.9985445425945207,11.0,11.0,968.0,968.0
navigation/keep,65536,14976.0,14977.0,1.0000667735042734,2.0,2.0,144.0,144.0
navigation/wildcard,65536,14890.0,14892.0,1.0001343183344527,8.0,8.0,1072.0,1072.0
navigation/descendants,65536,7549.0,7540.0,0.9988077891111405,8.0,8.0,1072.0,1072.0
navigation/ordering,65536,14941.0,14946.0,1.000334649621846,6.0,6.0,320.0,320.0
navigation/grouping,65536,14919.0,14913.0,0.9995978282726724,11.0,11.0,824.0,824.0
navigation/membership,65536,14947.0,14947.0,1.0,2.0,2.0,32.0,32.0
navigation/fallback,65536,10089.0,10090.0,1.000099117851125,0.0,0.0,0.0,0.0
navigation/mixed,65536,14888.0,14918.0,1.0020150456743686,11.0,11.0,968.0,968.0
navigation/keep,1048576,946.0,943.0,0.9968287526427061,2.0,2.0,144.0,144.0
navigation/wildcard,1048576,943.0,942.0,0.9989395546129375,8.0,8.0,1072.0,1072.0
navigation/descendants,1048576,475.0,475.0,1.0,8.0,8.0,1072.0,1072.0
navigation/ordering,1048576,942.0,943.0,1.0010615711252655,6.0,6.0,320.0,320.0
navigation/grouping,1048576,942.0,942.0,1.0,11.0,11.0,824.0,824.0
navigation/membership,1048576,942.0,943.0,1.0010615711252655,2.0,2.0,32.0,32.0
navigation/fallback,1048576,632.0,632.0,1.0,0.0,0.0,0.0,0.0
navigation/mixed,1048576,941.0,943.0,1.002125398512221,11.0,11.0,968.0,968.0
navigation/wide_sort,250,369567.0,372647.0,1.0083340774473912,7.0,7.0,752.0,752.0
navigation/wide_group,250,482770.0,481675.0,0.9977318391780765,10.0,10.0,1016.0,1016.0
navigation/wide_descendants,250,267089.0,263486.0,0.9865101146059928,20.0,20.0,2680.0,2680.0
navigation/range,250,1046358.0,1043303.0,0.9970803491730363,4.0,4.0,360.0,360.0
navigation/wide_sort,4144,14178.0,14270.0,1.006488926505854,11.0,11.0,11312.0,11312.0
navigation/wide_group,4144,34903.0,34716.0,0.9946422943586511,18.0,18.0,9656.0,9656.0
navigation/wide_descendants,4144,18279.0,17953.0,0.982165326330762,260.0,260.0,34840.0,34840.0
navigation/range,4144,78431.0,79335.0,1.0115260547487601,8.0,8.0,6120.0,6120.0
navigation/wide_sort,34657,1346.0,1356.0,1.0074294205052006,14.0,14.0,90160.0,90160.0
navigation/wide_group,34657,4538.0,4508.0,0.9933891582194799,24.0,24.0,74168.0,74168.0
navigation/wide_descendants,34657,2302.0,2279.0,0.9900086880973067,2052.0,2052.0,274968.0,274968.0
navigation/range,34657,10053.0,9979.0,0.9926390132298816,11.0,11.0,49128.0,49128.0
navigation/wide_sort,600386,62.0,62.0,1.0,18.0,18.0,1441840.0,1441840.0
navigation/wide_group,600386,276.0,275.0,0.9963768115942029,32.0,32.0,1180088.0,1180088.0
navigation/wide_descendants,600386,142.0,141.0,0.9929577464788732,32772.0,32772.0,4391448.0,4391448.0
navigation/range,600386,603.0,610.0,1.0116086235489221,15.0,15.0,786408.0,786408.0
navigation/distinct_groups,194,550808.0,551916.0,1.0020115902456028,5.0,5.0,1464.0,1464.0
navigation/distinct_groups,3246,10935.0,11197.0,1.0239597622313672,10.0,10.0,36664.0,36664.0
navigation/distinct_groups,27486,230.0,235.0,1.0217391304347827,13.0,13.0,294712.0,294712.0
navigation/deep_descendants,24,1250835.0,1153872.0,0.9224813824365324,4.0,4.0,536.0,536.0
navigation/deep_descendants,72,182979.0,172382.0,0.9420862503347379,4.0,4.0,536.0,536.0
navigation/deep_descendants,136,37533.0,36560.0,0.9740761463245677,4.0,4.0,536.0,536.0
compiler/lookup_8_hit,501,2560506.0,2560687.0,1.000070689152847,0.0,0.0,0.0,0.0
rust/lookup_8_hit,501,3314587.0,3303896.0,0.9967745604505177,0.0,0.0,0.0,0.0
compiler/lookup_8_miss,501,3233335.0,3241019.0,1.002376493620364,0.0,0.0,0.0,0.0
rust/lookup_8_miss,501,3360016.0,3364001.0,1.001186006257113,0.0,0.0,0.0,0.0
compiler/varying_lookup_8,501,2478423.0,2487624.0,1.0037124413387062,0.0,0.0,0.0,0.0
rust/varying_lookup_8,501,3284945.0,3270421.0,0.9955786169935874,0.0,0.0,0.0,0.0
compiler/bound_lookup_8,16,3352415.0,3315829.0,0.9890866733384739,6.0,6.0,520.0,520.0
compile/lookup_8,0,301981.0,290487.0,0.9619380027220256,60.0,60.0,5921.0,5921.0
compiler/lookup_128_hit,501,2185998.0,2185269.0,0.999666513876042,0.0,0.0,0.0,0.0
rust/lookup_128_hit,501,3326066.0,3304080.0,0.9933897884167061,0.0,0.0,0.0,0.0
compiler/lookup_128_miss,501,3077820.0,3082818.0,1.0016238766399594,0.0,0.0,0.0,0.0
rust/lookup_128_miss,501,3358932.0,3359287.0,1.0001056883557036,0.0,0.0,0.0,0.0
compiler/varying_lookup_128,501,2023915.0,2020123.0,0.9981264035297925,0.0,0.0,0.0,0.0
rust/varying_lookup_128,501,3273011.0,3253402.0,0.994008880507887,0.0,0.0,0.0,0.0
compiler/bound_lookup_128,16,2583801.0,2578343.0,0.9978876082175059,6.0,6.0,520.0,520.0
compile/lookup_128,0,5775.0,5817.0,1.0072727272727273,669.0,669.0,101721.0,101721.0
compiler/lookup_1024_hit,501,2050667.0,2026986.0,0.9884520499915393,0.0,0.0,0.0,0.0
rust/lookup_1024_hit,501,3313862.0,3307283.0,0.9980147030866101,0.0,0.0,0.0,0.0
compiler/lookup_1024_miss,501,2974100.0,2983790.0,1.003258128509465,0.0,0.0,0.0,0.0
rust/lookup_1024_miss,501,3359326.0,3357376.0,0.9994195264169062,0.0,0.0,0.0,0.0
compiler/varying_lookup_1024,501,1803200.0,1771260.0,0.9822870452528838,0.0,0.0,0.0,0.0
rust/varying_lookup_1024,501,3253169.0,3235508.0,0.9945711397102334,0.0,0.0,0.0,0.0
compiler/bound_lookup_1024,16,2280092.0,2279462.0,0.9997236953596609,6.0,6.0,520.0,520.0
compile/lookup_1024,0,124.0,126.0,1.0161290322580645,5156.0,5156.0,820441.0,820441.0
compiler/lookup_4096_hit,501,1886173.0,1884525.0,0.9991262731467369,0.0,0.0,0.0,0.0
rust/lookup_4096_hit,501,3324495.0,3305418.0,0.9942616848573994,0.0,0.0,0.0,0.0
compiler/lookup_4096_miss,501,2878140.0,2866496.0,0.995954331616947,0.0,0.0,0.0,0.0
rust/lookup_4096_miss,501,3361511.0,3360865.0,0.9998078245170103,0.0,0.0,0.0,0.0
compiler/varying_lookup_4096,501,1690619.0,1687085.0,0.9979096413798733,0.0,0.0,0.0,0.0
rust/varying_lookup_4096,501,3235759.0,3231849.0,0.9987916281775002,0.0,0.0,0.0,0.0
compiler/bound_lookup_4096,16,2167458.0,2163712.0,0.9982717081484394,6.0,6.0,520.0,520.0
compile/lookup_4096,0,10.0,10.0,1.0,20520.0,20520.0,3281113.0,3281113.0
compiler/constant_scalar,100,10568669.0,10709243.0,1.013301012644071,0.0,0.0,0.0,0.0
compiler/repeated_fields,100,5467506.0,5399266.0,0.9875189894624715,0.0,0.0,0.0,0.0
compiler/dynamic_leaves,100,6093628.0,6045017.0,0.9920226505457832,3.0,3.0,152.0,152.0
compiler/filtered_sum,100,5209802.0,5075468.0,0.9742151429171396,0.0,0.0,0.0,0.0
compiler/invariant_aggregate,100,4645908.0,4713619.0,1.014574330787437,0.0,0.0,0.0,0.0
compiler/builtin_reference,100,10634891.0,10776870.0,1.013350301380616,0.0,0.0,0.0,0.0
compiler/static_array,100,9761190.0,9761888.0,1.0000715076747815,1.0,1.0,16.0,16.0
compiler/constant_membership,100,3067940.0,2985762.0,0.9732139481215408,1.0,1.0,16.0,16.0
compiler/lookup_record,100,4134661.0,4140032.0,1.0012990182266455,0.0,0.0,0.0,0.0
rust/repeated_fields,100,8369043.0,8466250.0,1.0116150675770217,0.0,0.0,0.0,0.0
compiler/constant_scalar,500,3256168.0,3253494.0,0.9991787893007977,0.0,0.0,0.0,0.0
compiler/repeated_fields,500,2536995.0,2517359.0,0.9922601345292363,0.0,0.0,0.0,0.0
compiler/dynamic_leaves,500,2627569.0,2617519.0,0.9961751718032904,3.0,3.0,152.0,152.0
compiler/filtered_sum,500,2468030.0,2435034.0,0.986630632528778,0.0,0.0,0.0,0.0
compiler/invariant_aggregate,500,1566315.0,1565505.0,0.9994828626425719,0.0,0.0,0.0,0.0
compiler/builtin_reference,500,3257879.0,3248115.0,0.9970029580595228,0.0,0.0,0.0,0.0
compiler/static_array,500,3152828.0,3154147.0,1.0004183545692946,1.0,1.0,16.0,16.0
compiler/constant_membership,500,1331048.0,1310393.0,0.9844821524092294,1.0,1.0,16.0,16.0
compiler/lookup_record,500,2177979.0,2188386.0,1.0047782829861995,0.0,0.0,0.0,0.0
rust/repeated_fields,500,3012879.0,3007496.0,0.9982133368117339,0.0,0.0,0.0,0.0
compiler/constant_scalar,1024,1735193.0,1735691.0,1.0002869997746648,0.0,0.0,0.0,0.0
compiler/repeated_fields,1024,1497882.0,1502872.0,1.0033313705619,0.0,0.0,0.0,0.0
compiler/dynamic_leaves,1024,1528453.0,1525987.0,0.9983866039714666,3.0,3.0,152.0,152.0
compiler/filtered_sum,1024,1473614.0,1458028.0,0.9894232818092119,0.0,0.0,0.0,0.0
compiler/invariant_aggregate,1024,849654.0,851704.0,1.0024127468357709,0.0,0.0,0.0,0.0
compiler/builtin_reference,1024,1732989.0,1736445.0,1.0019942423177528,0.0,0.0,0.0,0.0
compiler/static_array,1024,1705491.0,1705606.0,1.0000674292623062,1.0,1.0,16.0,16.0
compiler/constant_membership,1024,771446.0,767677.0,0.9951143696383156,1.0,1.0,16.0,16.0
compiler/lookup_record,1024,1376606.0,1375209.0,0.9989851853035654,0.0,0.0,0.0,0.0
rust/repeated_fields,1024,1658123.0,1664414.0,1.003794049054262,0.0,0.0,0.0,0.0
compiler/constant_scalar,10240,187487.0,187543.0,1.000298687375658,0.0,0.0,0.0,0.0
compiler/repeated_fields,10240,184243.0,183974.0,0.9985399716678517,0.0,0.0,0.0,0.0
compiler/dynamic_leaves,10240,184689.0,184622.0,0.9996372279886728,3.0,3.0,152.0,152.0
compiler/filtered_sum,10240,183562.0,183298.0,0.9985617938353254,0.0,0.0,0.0,0.0
compiler/invariant_aggregate,10240,95038.0,95018.0,0.999789557861066,0.0,0.0,0.0,0.0
compiler/builtin_reference,10240,187458.0,187640.0,1.0009708841447151,0.0,0.0,0.0,0.0
compiler/static_array,10240,187084.0,187149.0,1.0003474375146992,1.0,1.0,16.0,16.0
compiler/constant_membership,10240,94042.0,93989.0,0.9994364220242019,1.0,1.0,16.0,16.0
compiler/lookup_record,10240,182499.0,182385.0,0.9993753390429536,0.0,0.0,0.0,0.0
rust/repeated_fields,10240,186604.0,186593.0,0.9999410516387645,0.0,0.0,0.0,0.0
compiler/constant_scalar,1048576,1856.0,1856.0,1.0,0.0,0.0,0.0,0.0
compiler/repeated_fields,1048576,1854.0,1854.0,1.0,0.0,0.0,0.0,0.0
compiler/dynamic_leaves,1048576,1854.0,1855.0,1.000539374325782,3.0,3.0,152.0,152.0
compiler/filtered_sum,1048576,1853.0,1853.0,1.0,0.0,0.0,0.0,0.0
compiler/invariant_aggregate,1048576,943.0,943.0,1.0,0.0,0.0,0.0,0.0
compiler/builtin_reference,1048576,1854.0,1855.0,1.000539374325782,0.0,0.0,0.0,0.0
compiler/static_array,1048576,1859.0,1855.0,0.9978483055406132,1.0,1.0,16.0,16.0
compiler/constant_membership,1048576,943.0,943.0,1.0,1.0,1.0,16.0,16.0
compiler/lookup_record,1048576,1853.0,1855.0,1.0010793308148949,0.0,0.0,0.0,0.0
rust/repeated_fields,1048576,1856.0,1855.0,0.9994612068965517,0.0,0.0,0.0,0.0
compile/execution,0,324238.0,305828.0,0.9432207205817948,132.0,132.0,8000.0,8000.0
execution/arithmetic,100,6423439.0,6450366.0,1.0041919912370927,0.0,0.0,0.0,0.0
execution/comparison,100,6225197.0,6227752.0,1.0004104287783986,0.0,0.0,0.0,0.0
execution/conditional,100,6307467.0,6220707.0,0.9862448745272865,0.0,0.0,0.0,0.0
execution/constructor,100,5138051.0,5186893.0,1.0095059391197168,3.0,3.0,152.0,152.0
rust/execution_arithmetic,100,9841740.0,9875247.0,1.0034045808972805,0.0,0.0,0.0,0.0
rust/execution_constructor,100,9847992.0,9787695.0,0.9938772289823143,0.0,0.0,0.0,0.0
execution/arithmetic,500,2734877.0,2727918.0,0.9974554614339146,0.0,0.0,0.0,0.0
execution/comparison,500,2689375.0,2680085.0,0.996545665814548,0.0,0.0,0.0,0.0
execution/conditional,500,2693985.0,2677833.0,0.9940044209600276,0.0,0.0,0.0,0.0
execution/constructor,500,2430406.0,2454130.0,1.0097613320572776,3.0,3.0,152.0,152.0
rust/execution_arithmetic,500,3174635.0,3179662.0,1.0015834891255215,0.0,0.0,0.0,0.0
rust/execution_constructor,500,3172353.0,3183830.0,1.003617819328429,0.0,0.0,0.0,0.0
execution/arithmetic,1024,1562508.0,1568499.0,1.0038342203687918,0.0,0.0,0.0,0.0
execution/comparison,1024,1549579.0,1555013.0,1.0035067589325875,0.0,0.0,0.0,0.0
execution/conditional,1024,1556889.0,1558402.0,1.0009718098078926,0.0,0.0,0.0,0.0
execution/constructor,1024,1465528.0,1475445.0,1.0067668444410478,3.0,3.0,152.0,152.0
rust/execution_arithmetic,1024,1709409.0,1714724.0,1.0031092617389987,0.0,0.0,0.0,0.0
rust/execution_constructor,1024,1710201.0,1715708.0,1.0032200893345284,0.0,0.0,0.0,0.0
execution/arithmetic,10240,185092.0,185333.0,1.0013020551941738,0.0,0.0,0.0,0.0
execution/comparison,10240,185063.0,185104.0,1.000221546176167,0.0,0.0,0.0,0.0
execution/conditional,10240,185136.0,185095.0,0.9997785411805375,0.0,0.0,0.0,0.0
execution/constructor,10240,183630.0,183808.0,1.0009693405217013,3.0,3.0,152.0,152.0
rust/execution_arithmetic,10240,187053.0,187266.0,1.0011387146958348,0.0,0.0,0.0,0.0
rust/execution_constructor,10240,187244.0,187204.0,0.9997863749973297,0.0,0.0,0.0,0.0
execution/arithmetic,1048576,1856.0,1855.0,0.9994612068965517,0.0,0.0,0.0,0.0
execution/comparison,1048576,1854.0,1855.0,1.000539374325782,0.0,0.0,0.0,0.0
execution/conditional,1048576,1855.0,1854.0,0.9994609164420485,0.0,0.0,0.0,0.0
execution/constructor,1048576,1854.0,1855.0,1.000539374325782,3.0,3.0,152.0,152.0
rust/execution_arithmetic,1048576,1855.0,1857.0,1.001078167115903,0.0,0.0,0.0,0.0
rust/execution_constructor,1048576,1859.0,1856.0,0.9983862291554599,0.0,0.0,0.0,0.0
execution/filtered_sum,74,1810788.0,1726520.0,0.9534633540756842,0.0,0.0,0.0,0.0
execution/mapped_sum,74,1792516.0,1739468.0,0.9704058429603976,0.0,0.0,0.0,0.0
rust/execution_filtered_sum,74,4397508.0,4401236.0,1.0008477528636672,0.0,0.0,0.0,0.0
execution/filtered_sum,1082,123340.0,116696.0,0.946132641478839,0.0,0.0,0.0,0.0
execution/mapped_sum,1082,115720.0,115433.0,0.9975198755617006,0.0,0.0,0.0,0.0
rust/execution_filtered_sum,1082,309182.0,311250.0,1.0066886170605016,0.0,0.0,0.0,0.0
execution/filtered_sum,8586,15553.0,14774.0,0.9499132000257186,0.0,0.0,0.0,0.0
execution/mapped_sum,8586,14500.0,14378.0,0.9915862068965517,0.0,0.0,0.0,0.0
rust/execution_filtered_sum,8586,40298.0,40142.0,0.9961288401409499,0.0,0.0,0.0,0.0
execution/filtered_sum,137226,945.0,926.0,0.9798941798941799,0.0,0.0,0.0,0.0
execution/mapped_sum,137226,913.0,904.0,0.9901423877327492,0.0,0.0,0.0,0.0
rust/execution_filtered_sum,137226,2401.0,2510.0,1.0453977509371095,0.0,0.0,0.0,0.0
execution/lookup_8192,501,1850507.0,1850704.0,1.0001064573114287,0.0,0.0,0.0,0.0
rust/execution_lookup_8192,501,3311531.0,3294072.0,0.9947278162275999,0.0,0.0,0.0,0.0
execution/type_fallback,16,7282915.0,7161757.0,0.9833640788063571,0.0,0.0,0.0,0.0
plan/branch,100,6943433.0,6732958.0,0.9696871849991208,0.0,0.0,0.0,0.0
plan/boolean,100,5570300.0,5449196.0,0.9782589806653142,0.0,0.0,0.0,0.0
plan/object,100,5447153.0,5682058.0,1.043124362396283,3.0,3.0,248.0,248.0
plan/branch,500,2817085.0,2796315.0,0.9926271305267679,0.0,0.0,0.0,0.0
plan/boolean,500,2522952.0,2516965.0,0.9976269861654126,0.0,0.0,0.0,0.0
plan/object,500,2503619.0,2534611.0,1.0123788803328302,3.0,3.0,248.0,248.0
plan/branch,1024,1604540.0,1596658.0,0.995087688683361,0.0,0.0,0.0,0.0
plan/boolean,1024,1501712.0,1497264.0,0.997038047242081,0.0,0.0,0.0,0.0
plan/object,1024,1486430.0,1490287.0,1.0025948076936015,3.0,3.0,248.0,248.0
plan/branch,10240,185547.0,186624.0,1.0058044592475222,0.0,0.0,0.0,0.0
plan/boolean,10240,184132.0,184194.0,1.000336714965351,0.0,0.0,0.0,0.0
plan/object,10240,183782.0,184166.0,1.0020894320444875,3.0,3.0,248.0,248.0
plan/branch,1048576,1855.0,1855.0,1.0,0.0,0.0,0.0,0.0
plan/boolean,1048576,1854.0,1854.0,1.0,0.0,0.0,0.0,0.0
plan/object,1048576,1852.0,1854.0,1.0010799136069115,3.0,3.0,248.0,248.0
plan/lookup_branch,490,1723042.0,1683738.0,0.9771891805307126,0.0,0.0,0.0,0.0
plan/lookup_quote,490,1720491.0,1700716.0,0.9885061880591064,0.0,0.0,0.0,0.0
plan/invoice_sum,58,5861985.0,5829023.0,0.9943769900468868,0.0,0.0,0.0,0.0
rust/plan_invoice,58,6184919.0,6180006.0,0.9992056484490742,0.0,0.0,0.0,0.0
plan/invoice_object,58,2484203.0,2804842.0,1.1290711749402123,3.0,3.0,296.0,296.0
plan/mapped_objects,58,2376744.0,2399018.0,1.009371644569209,2.0,2.0,136.0,136.0
plan/invoice_sum,300,944534.0,912134.0,0.9656973703434709,0.0,0.0,0.0,0.0
rust/plan_invoice,300,995383.0,1013101.0,1.0178001834469748,0.0,0.0,0.0,0.0
plan/invoice_object,300,561001.0,681477.0,1.2147518453621295,3.0,3.0,296.0,296.0
plan/mapped_objects,300,438586.0,439014.0,1.000975863342651,16.0,16.0,1088.0,1088.0
plan/invoice_sum,4488,60351.0,58355.0,0.9669268114861395,0.0,0.0,0.0,0.0
rust/plan_invoice,4488,66062.0,66208.0,1.0022100451091398,0.0,0.0,0.0,0.0
plan/invoice_object,4488,41280.0,48565.0,1.1764777131782946,3.0,3.0,296.0,296.0
plan/mapped_objects,4488,29401.0,29291.0,0.9962586306588211,256.0,256.0,17408.0,17408.0
plan/invoice_sum,35736,7759.0,7446.0,0.9596597499677794,0.0,0.0,0.0,0.0
rust/plan_invoice,35736,8235.0,8411.0,1.021372191863995,0.0,0.0,0.0,0.0
plan/invoice_object,35736,5193.0,6161.0,1.1864047756595417,3.0,3.0,296.0,296.0
plan/mapped_objects,35736,3733.0,3710.0,0.993838735601393,2048.0,2048.0,139264.0,139264.0
plan/invoice_sum,571416,478.0,460.0,0.9623430962343096,0.0,0.0,0.0,0.0
rust/plan_invoice,571416,514.0,518.0,1.0077821011673151,0.0,0.0,0.0,0.0
plan/invoice_object,571416,322.0,377.0,1.170807453416149,3.0,3.0,296.0,296.0
plan/mapped_objects,571416,232.0,230.0,0.9913793103448276,32768.0,32768.0,2228224.0,2228224.0
plan/wide_fields,7583,113221.0,113199.0,0.9998056897572005,0.0,0.0,0.0,0.0
plan/untaken_branch,496,2995528.0,2985381.0,0.9966126172080515,0.0,0.0,0.0,0.0
compile/plan_branch,0,604854.0,571437.0,0.9447519566705354,84.0,84.0,3940.0,3940.0
demand/nested,100,6911325.0,6834110.0,0.9888277573403074,0.0,0.0,0.0,0.0
demand/branch,100,6354909.0,6427167.0,1.0113704224560887,0.0,0.0,0.0,0.0
demand/repeated,100,8044505.0,7931823.0,0.9859926745026574,0.0,0.0,0.0,0.0
demand/untaken_nested,101,7520327.0,7603859.0,1.0111074957245876,0.0,0.0,0.0,0.0
demand/nested,500,2828246.0,2825884.0,0.9991648534109127,0.0,0.0,0.0,0.0
demand/branch,500,2728387.0,2736865.0,1.0031073304483564,0.0,0.0,0.0,0.0
demand/repeated,500,2990301.0,2985090.0,0.9982573660644865,0.0,0.0,0.0,0.0
demand/untaken_nested,501,2916648.0,2918432.0,1.000611661057488,0.0,0.0,0.0,0.0
demand/nested,1024,1601752.0,1600777.0,0.9993912915357683,0.0,0.0,0.0,0.0
demand/branch,1024,1567073.0,1559110.0,0.9949185519755621,0.0,0.0,0.0,0.0
demand/repeated,1024,1652101.0,1638774.0,0.9919333018986127,0.0,0.0,0.0,0.0
demand/untaken_nested,1025,1627188.0,1626469.0,0.9995581334178963,0.0,0.0,0.0,0.0
demand/nested,10240,185655.0,185423.0,0.9987503703105222,0.0,0.0,0.0,0.0
demand/branch,10240,185282.0,184988.0,0.9984132295635841,0.0,0.0,0.0,0.0
demand/repeated,10240,186140.0,186258.0,1.0006339314494466,0.0,0.0,0.0,0.0
demand/untaken_nested,10241,185941.0,185879.0,0.9996665608983495,0.0,0.0,0.0,0.0
demand/nested,1048576,1854.0,1855.0,1.000539374325782,0.0,0.0,0.0,0.0
demand/branch,1048576,1855.0,1854.0,0.9994609164420485,0.0,0.0,0.0,0.0
demand/repeated,1048576,1854.0,1855.0,1.000539374325782,0.0,0.0,0.0,0.0
demand/untaken_nested,1048577,1855.0,1857.0,1.001078167115903,0.0,0.0,0.0,0.0
demand/nested_fold,546,263324.0,262560.0,0.9970986313438958,0.0,0.0,0.0,0.0
demand/nested_fold_plan,546,617431.0,610167.0,0.9882351226290873,0.0,0.0,0.0,0.0
demand/nested_fold,8454,16830.0,16810.0,0.9988116458704694,0.0,0.0,0.0,0.0
demand/nested_fold_plan,8454,39840.0,38937.0,0.9773343373493976,0.0,0.0,0.0,0.0
demand/nested_fold,67478,2111.0,2122.0,1.005210800568451,0.0,0.0,0.0,0.0
demand/nested_fold_plan,67478,4982.0,4921.0,0.9877559213167403,0.0,0.0,0.0,0.0
demand/wide_nested,1137,852226.0,851972.0,0.9997019569926288,0.0,0.0,0.0,0.0
demand/wide_nested,38497,28964.0,29551.0,1.020266537771026,0.0,0.0,0.0,0.0
demand/wide_nested,323265,3492.0,3540.0,1.013745704467354,0.0,0.0,0.0,0.0
demand/repeated_lookup,100,1965090.0,2050063.0,1.0432412764809755,0.0,0.0,0.0,0.0
demand/repeated_lookup,500,1401403.0,1429485.0,1.020038489998951,0.0,0.0,0.0,0.0
demand/repeated_lookup,10240,173890.0,174612.0,1.0041520501466443,0.0,0.0,0.0,0.0
demand/repeated_lookup,1048576,1852.0,1854.0,1.0010799136069115,0.0,0.0,0.0,0.0
compile/scoped_path,0,727128.0,657615.0,0.9044006007195432,41.0,41.0,4133.0,4157.0
tuple/index,100,1890820.0,1899184.0,1.0044234776446197,11.0,9.0,1104.0,784.0
tuple/filter_sum,100,1181018.0,1199290.0,1.01547139840375,13.0,10.0,1648.0,1168.0
tuple/plan_leaves,100,884878.0,932948.0,1.0543238728954727,17.0,15.0,1696.0,1376.0
tuple/kept,100,1345816.0,1374141.0,1.0210467106944783,14.0,11.0,1408.0,928.0
tuple/ordered,100,867138.0,854437.0,0.9853529657332513,23.0,19.0,2216.0,1576.0
tuple/index,500,1030282.0,1067334.0,1.0359629693617864,11.0,9.0,1104.0,784.0
tuple/filter_sum,500,783621.0,795528.0,1.015194845467388,13.0,10.0,1648.0,1168.0
tuple/plan_leaves,500,644656.0,675262.0,1.0474764835819415,17.0,15.0,1696.0,1376.0
tuple/kept,500,855226.0,866965.0,1.0137261963504383,14.0,11.0,1408.0,928.0
tuple/ordered,500,630292.0,621562.0,0.9861492768431139,23.0,19.0,2216.0,1576.0
tuple/index,1024,668303.0,679719.0,1.0170820720541431,11.0,9.0,1104.0,784.0
tuple/filter_sum,1024,554425.0,558924.0,1.0081147134418542,13.0,10.0,1648.0,1168.0
tuple/plan_leaves,1024,478731.0,493247.0,1.0303218300047416,17.0,15.0,1696.0,1376.0
tuple/kept,1024,585881.0,593556.0,1.0130999298492356,14.0,11.0,1408.0,928.0
tuple/ordered,1024,472134.0,468298.0,0.9918751879762948,23.0,19.0,2216.0,1576.0
tuple/index,10240,92360.0,92630.0,1.0029233434387181,11.0,9.0,1104.0,784.0
tuple/filter_sum,10240,89602.0,89732.0,1.0014508604718644,13.0,10.0,1648.0,1168.0
tuple/plan_leaves,10240,87447.0,88050.0,1.0068956053380904,17.0,15.0,1696.0,1376.0
tuple/kept,10240,90468.0,90773.0,1.0033713578281824,14.0,11.0,1408.0,928.0
tuple/ordered,10240,87272.0,87152.0,0.9986249885415712,23.0,19.0,2216.0,1576.0
tuple/index,1048576,942.0,943.0,1.0010615711252655,11.0,9.0,1104.0,784.0
tuple/filter_sum,1048576,942.0,942.0,1.0,13.0,10.0,1648.0,1168.0
tuple/plan_leaves,1048576,942.0,942.0,1.0,17.0,15.0,1696.0,1376.0
tuple/kept,1048576,942.0,943.0,1.0010615711252655,14.0,11.0,1408.0,928.0
tuple/ordered,1048576,943.0,942.0,0.9989395546129375,23.0,19.0,2216.0,1576.0
tuple/wide_sum,440,298084.0,307643.0,1.0320681418660511,34.0,22.0,4288.0,2368.0
tuple/nested_sum,440,168215.0,178063.0,1.0585441250780252,94.0,70.0,10048.0,6208.0
tuple/join_sum,440,74630.0,75768.0,1.0152485595604985,78.0,46.0,9792.0,4672.0
tuple/join_bound,440,99064.0,98981.0,0.9991621577969797,71.0,55.0,8160.0,5600.0
tuple/group,440,201812.0,211380.0,1.0474104612213346,67.0,57.0,6944.0,5344.0
tuple/negative_index,440,441247.0,463764.0,1.051030375277339,32.0,23.0,3808.0,2368.0
tuple/wide_sum,6666,20550.0,21381.0,1.0404379562043795,454.0,262.0,57088.0,26368.0
tuple/nested_sum,6666,11079.0,11832.0,1.0679664229623613,1414.0,1030.0,149248.0,87808.0
tuple/join_sum,6666,1058.0,1061.0,1.0028355387523629,1158.0,646.0,145152.0,63232.0
tuple/join_bound,6666,6656.0,6680.0,1.0036057692307692,1031.0,775.0,116640.0,75680.0
tuple/group,6666,15901.0,16223.0,1.0202502987233508,467.0,337.0,86624.0,65824.0
tuple/negative_index,6666,34071.0,36379.0,1.0677408940154383,396.0,267.0,54688.0,34048.0
tuple/wide_sum,56043,2565.0,2674.0,1.042495126705653,3590.0,2054.0,451328.0,205568.0
tuple/nested_sum,56043,1388.0,1472.0,1.0605187319884726,11270.0,8198.0,1188608.0,697088.0
tuple/join_sum,56043,19.0,19.0,1.0,9222.0,5126.0,1155840.0,500480.0
tuple/join_bound,56043,839.0,832.0,0.9916567342073898,8199.0,6151.0,926624.0,598944.0
tuple/group,56043,2048.0,2083.0,1.01708984375,3185.0,2159.0,681568.0,517408.0
tuple/negative_index,56043,4285.0,4631.0,1.0807467911318553,3087.0,2062.0,434592.0,270592.0
compile/builtins,0,576224.0,534796.0,0.9281043483089909,53.0,53.0,4192.0,4192.0
builtin/length,100,3524389.0,3724372.0,1.0567426013416794,0.0,0.0,0.0,0.0
builtin/normalize,100,1281998.0,1297650.0,1.0122090674088415,23.0,23.0,387.0,387.0
builtin/split_join,100,891925.0,896536.0,1.005169717184741,37.0,37.0,792.0,792.0
builtin/numeric,100,3600595.0,3624395.0,1.0066100186219222,0.0,0.0,0.0,0.0
builtin/average,100,3718628.0,3301515.0,0.8878314797823283,0.0,0.0,0.0,0.0
builtin/type,100,3818094.0,4110607.0,1.0766123097021707,0.0,0.0,0.0,0.0
builtin/keys,100,1924616.0,2049804.0,1.0650457026232765,8.0,8.0,468.0,468.0
builtin/map_builtin,100,2061867.0,2153641.0,1.044510145416751,3.0,3.0,224.0,224.0
builtin/map_closure,100,1158745.0,1161684.0,1.002536364773958,11.0,11.0,1208.0,1208.0
builtin/reduce,100,1487993.0,1433489.0,0.963370795427129,8.0,8.0,904.0,904.0
builtin/sift,100,1336031.0,1345794.0,1.0073074651710925,15.0,15.0,1300.0,1300.0
builtin/length,500,1426458.0,1449609.0,1.016229710233319,0.0,0.0,0.0,0.0
builtin/normalize,500,827106.0,835342.0,1.0099576112372537,23.0,23.0,387.0,387.0
builtin/split_join,500,646012.0,656823.0,1.016734983251085,37.0,37.0,792.0,792.0
builtin/numeric,500,1427456.0,1432133.0,1.0032764582586082,0.0,0.0,0.0,0.0
builtin/average,500,1444874.0,1383962.0,0.9578426907813414,0.0,0.0,0.0,0.0
builtin/type,500,1466463.0,1499313.0,1.0224008379345404,0.0,0.0,0.0,0.0
builtin/keys,500,1070019.0,1090458.0,1.0191015299728323,8.0,8.0,468.0,468.0
builtin/map_builtin,500,1100307.0,1130069.0,1.0270488145581187,3.0,3.0,224.0,224.0
builtin/map_closure,500,666296.0,666507.0,1.000316676071896,11.0,11.0,1208.0,1208.0
builtin/reduce,500,909552.0,895000.0,0.9840009147360459,8.0,8.0,904.0,904.0
builtin/sift,500,841708.0,850736.0,1.0107258099008207,15.0,15.0,1300.0,1300.0
builtin/length,1024,804180.0,814482.0,1.0128105647989256,0.0,0.0,0.0,0.0
builtin/normalize,1024,572877.0,577089.0,1.0073523635963741,23.0,23.0,387.0,387.0
builtin/split_join,1024,485722.0,482954.0,0.9943012669798774,37.0,37.0,792.0,792.0
builtin/numeric,1024,806717.0,798594.0,0.9899307935744506,0.0,0.0,0.0,0.0
builtin/average,1024,811316.0,788801.0,0.972248790853379,0.0,0.0,0.0,0.0
builtin/type,1024,819265.0,829922.0,1.0130080010741336,0.0,0.0,0.0,0.0
builtin/keys,1024,680495.0,691378.0,1.0159927699689197,8.0,8.0,468.0,468.0
builtin/map_builtin,1024,694608.0,702207.0,1.010939983415106,3.0,3.0,224.0,224.0
builtin/map_closure,1024,434861.0,436858.0,1.004592272013356,11.0,11.0,1208.0,1208.0
builtin/reduce,1024,614212.0,603872.0,0.9831654217110705,8.0,8.0,904.0,904.0
builtin/sift,1024,581098.0,585672.0,1.0078713057005875,15.0,15.0,1300.0,1300.0
builtin/length,10240,94321.0,94556.0,1.0024914918204855,0.0,0.0,0.0,0.0
builtin/normalize,10240,89978.0,90259.0,1.0031229856187067,23.0,23.0,387.0,387.0
builtin/split_join,10240,87370.0,87400.0,1.000343367288543,37.0,37.0,792.0,792.0
builtin/numeric,10240,94458.0,94471.0,1.0001376273052573,0.0,0.0,0.0,0.0
builtin/average,10240,94533.0,94328.0,0.9978314451038262,0.0,0.0,0.0,0.0
builtin/type,10240,94536.0,94774.0,1.0025175594482525,0.0,0.0,0.0,0.0
builtin/keys,10240,92319.0,92547.0,1.0024696974620608,8.0,8.0,468.0,468.0
builtin/map_builtin,10240,92629.0,92760.0,1.001414243919291,3.0,3.0,224.0,224.0
builtin/map_closure,10240,61533.0,61628.0,1.001543887019973,11.0,11.0,1208.0,1208.0
builtin/reduce,10240,90858.0,90872.0,1.0001540865966674,8.0,8.0,904.0,904.0
builtin/sift,10240,90357.0,90509.0,1.0016822160983654,15.0,15.0,1300.0,1300.0
builtin/length,1048576,942.0,942.0,1.0,0.0,0.0,0.0,0.0
builtin/normalize,1048576,942.0,942.0,1.0,23.0,23.0,387.0,387.0
builtin/split_join,1048576,942.0,942.0,1.0,37.0,37.0,792.0,792.0
builtin/numeric,1048576,944.0,943.0,0.9989406779661016,0.0,0.0,0.0,0.0
builtin/average,1048576,943.0,943.0,1.0,0.0,0.0,0.0,0.0
builtin/type,1048576,942.0,943.0,1.0010615711252655,0.0,0.0,0.0,0.0
builtin/keys,1048576,942.0,942.0,1.0,8.0,8.0,468.0,468.0
builtin/map_builtin,1048576,942.0,943.0,1.0010615711252655,3.0,3.0,224.0,224.0
builtin/map_closure,1048576,632.0,632.0,1.0,11.0,11.0,1208.0,1208.0
builtin/reduce,1048576,943.0,943.0,1.0,8.0,8.0,904.0,904.0
builtin/sift,1048576,942.0,943.0,1.0010615711252655,15.0,15.0,1300.0,1300.0
builtin/filter_reduce,285,261715.0,253140.0,0.9672353514319011,32.0,32.0,3720.0,3720.0
builtin/planned_average,285,1158834.0,1113944.0,0.9612627865595935,0.0,0.0,0.0,0.0
builtin/grouped_average,285,462078.0,457924.0,0.9910101757711901,10.0,10.0,1016.0,1016.0
builtin/ordered_labels,285,150151.0,154145.0,1.0265998894446258,137.0,137.0,4657.0,4657.0
builtin/merged_objects,285,155028.0,154203.0,0.9946783806796191,131.0,131.0,8296.0,8296.0
builtin/each_group,285,351506.0,348373.0,0.9910869231250675,31.0,31.0,2820.0,2820.0
builtin/distinct,285,659210.0,649834.0,0.985776914791948,5.0,5.0,480.0,480.0
builtin/filter_reduce,4537,17636.0,17054.0,0.9669993195735994,396.0,396.0,52680.0,52680.0
builtin/planned_average,4537,76434.0,73035.0,0.9555302614019939,0.0,0.0,0.0,0.0
builtin/grouped_average,4537,34263.0,35295.0,1.0301199544698363,18.0,18.0,9656.0,9656.0
builtin/ordered_labels,4537,7626.0,7741.0,1.0150799895095726,1953.0,1953.0,73147.0,73147.0
builtin/merged_objects,4537,6027.0,6049.0,1.0036502405840384,2176.0,2176.0,138352.0,138352.0
builtin/each_group,4537,34854.0,34244.0,0.9824984219888678,39.0,39.0,11460.0,11460.0
builtin/distinct,4537,46647.0,46279.0,0.9921109610478702,9.0,9.0,6240.0,6240.0
builtin/filter_reduce,37737,2218.0,2144.0,0.9666366095581606,3087.0,3087.0,418248.0,418248.0
builtin/planned_average,37737,9757.0,9439.0,0.9674080147586348,0.0,0.0,0.0,0.0
builtin/grouped_average,37737,4454.0,4490.0,1.008082622361922,24.0,24.0,74168.0,74168.0
builtin/ordered_labels,37737,805.0,820.0,1.0186335403726707,15477.0,15477.0,585963.0,585963.0
builtin/merged_objects,37737,200.0,211.0,1.055,17438.0,17438.0,1107312.0,1107312.0
builtin/each_group,37737,4559.0,4502.0,0.9874972581706515,45.0,45.0,75972.0,75972.0
builtin/distinct,37737,5979.0,5814.0,0.9724034119417962,12.0,12.0,49248.0,49248.0
compile/conversion,0,293375.0,286162.0,0.9754137196420963,105.0,105.0,7334.0,7334.0
compile/composition,0,826907.0,768725.0,0.9296390041443596,36.0,36.0,2825.0,2825.0
conversion/string_identity,100,7588589.0,7629877.0,1.0054408006547726,0.0,0.0,0.0,0.0
conversion/number_text,100,6687282.0,6671488.0,0.9976382033836767,0.0,0.0,0.0,0.0
conversion/number_value,100,6708234.0,6775722.0,1.0100604719513362,0.0,0.0,0.0,0.0
conversion/string_number,100,2385526.0,2430700.0,1.018936704106348,8.0,8.0,105.0,105.0
conversion/string_object,100,2023560.0,2030380.0,1.0033702978908459,12.0,12.0,413.0,413.0
conversion/string_pretty,100,1442766.0,1456526.0,1.009537236114519,13.0,13.0,461.0,461.0
conversion/concat,100,1210035.0,1270734.0,1.050163011813708,14.0,14.0,251.0,251.0
conversion/folded,100,10001912.0,10372160.0,1.0370177222115131,0.0,0.0,0.0,0.0
conversion/constructor,100,974647.0,986223.0,1.0118771206395751,13.0,13.0,561.0,561.0
conversion/chain_direct,100,1511133.0,1564212.0,1.0351253000232277,16.0,16.0,242.0,242.0
conversion/chain_values,100,916617.0,924475.0,1.0085728281277786,34.0,34.0,1254.0,1254.0
conversion/partial,100,1011319.0,1045049.0,1.0333524832421817,29.0,29.0,1266.0,1266.0
conversion/partial_reused,100,733261.0,761022.0,1.0378596434284655,35.0,35.0,2218.0,2218.0
conversion/sum_direct,100,3698184.0,3759408.0,1.0165551524748362,0.0,0.0,0.0,0.0
conversion/sum_chain,100,3691809.0,3721188.0,1.007957887312155,0.0,0.0,0.0,0.0
conversion/sum_function,100,3037581.0,2968142.0,0.9771400334674203,4.0,4.0,232.0,232.0
conversion/sum_partial,100,2643307.0,2631662.0,0.9955945336655939,6.0,6.0,336.0,336.0
rust/number_text,100,7865709.0,7886854.0,1.0026882509891988,0.0,0.0,0.0,0.0
conversion/string_identity,500,2893844.0,2878813.0,0.9948058706689096,0.0,0.0,0.0,0.0
conversion/number_text,500,2724369.0,2716438.0,0.997088867183557,0.0,0.0,0.0,0.0
conversion/number_value,500,2737824.0,2748945.0,1.0040619849924612,0.0,0.0,0.0,0.0
conversion/string_number,500,1585743.0,1589553.0,1.0024026591950903,8.0,8.0,105.0,105.0
conversion/string_object,500,1410010.0,1413144.0,1.002222679271778,12.0,12.0,413.0,413.0
conversion/string_pretty,500,897227.0,897015.0,0.9997637164285069,13.0,13.0,461.0,461.0
conversion/concat,500,684168.0,699648.0,1.0226260216788858,14.0,14.0,251.0,251.0
conversion/folded,500,3173604.0,3176198.0,1.0008173672581708,0.0,0.0,0.0,0.0
conversion/constructor,500,534834.0,537838.0,1.0056166960215693,13.0,13.0,561.0,561.0
conversion/chain_direct,500,922808.0,937827.0,1.0162753248779812,16.0,16.0,242.0,242.0
conversion/chain_values,500,657967.0,665429.0,1.0113409943051854,34.0,34.0,1254.0,1254.0
conversion/partial,500,711707.0,713929.0,1.0031220713018139,29.0,29.0,1266.0,1266.0
conversion/partial_reused,500,502219.0,513018.0,1.0215025715872956,35.0,35.0,2218.0,2218.0
conversion/sum_direct,500,1442126.0,1437942.0,0.9970987278504098,0.0,0.0,0.0,0.0
conversion/sum_chain,500,1437777.0,1444298.0,1.0045354738599936,0.0,0.0,0.0,0.0
conversion/sum_function,500,1322346.0,1309685.0,0.9904253500974782,4.0,4.0,232.0,232.0
conversion/sum_partial,500,1239458.0,1237902.0,0.9987446125645242,6.0,6.0,336.0,336.0
rust/number_text,500,2960996.0,2970306.0,1.0031442122853256,0.0,0.0,0.0,0.0
conversion/string_identity,1024,1600993.0,1614195.0,1.008246132244176,0.0,0.0,0.0,0.0
conversion/number_text,1024,1565541.0,1558972.0,0.9958040064105635,0.0,0.0,0.0,0.0
conversion/number_value,1024,1569876.0,1571230.0,1.0008624885022765,0.0,0.0,0.0,0.0
conversion/string_number,1024,1105172.0,1113773.0,1.007782499013728,8.0,8.0,105.0,105.0
conversion/string_object,1024,1021245.0,1022435.0,1.0011652443830814,12.0,12.0,413.0,413.0
conversion/string_pretty,1024,602724.0,607990.0,1.0087370006835632,13.0,13.0,461.0,461.0
conversion/concat,1024,441815.0,449574.0,1.0175616491065265,14.0,14.0,251.0,251.0
conversion/folded,1024,1703362.0,1720722.0,1.010191609299726,0.0,0.0,0.0,0.0
conversion/constructor,1024,340210.0,343165.0,1.0086858117045354,13.0,13.0,561.0,561.0
conversion/chain_direct,1024,615859.0,627392.0,1.0187266890635682,16.0,16.0,242.0,242.0
conversion/chain_values,1024,487464.0,492225.0,1.0097668750923146,34.0,34.0,1254.0,1254.0
conversion/partial,1024,517203.0,516355.0,0.9983604116758796,29.0,29.0,1266.0,1266.0
conversion/partial_reused,1024,358088.0,364970.0,1.019218739527714,35.0,35.0,2218.0,2218.0
conversion/sum_direct,1024,809412.0,811929.0,1.0031096647937021,0.0,0.0,0.0,0.0
conversion/sum_chain,1024,809861.0,810045.0,1.0002271994823804,0.0,0.0,0.0,0.0
conversion/sum_function,1024,770421.0,768226.0,0.9971509083994335,4.0,4.0,232.0,232.0
conversion/sum_partial,1024,745768.0,744525.0,0.998333261818689,6.0,6.0,336.0,336.0
rust/number_text,1024,1645277.0,1646810.0,1.0009317579957662,0.0,0.0,0.0,0.0
conversion/string_identity,10240,185357.0,185854.0,1.0026813122784681,0.0,0.0,0.0,0.0
conversion/number_text,10240,184895.0,185482.0,1.0031747748722248,0.0,0.0,0.0,0.0
conversion/number_value,10240,184753.0,185290.0,1.0029065833843023,0.0,0.0,0.0,0.0
conversion/string_number,10240,176230.0,176704.0,1.0026896669125573,8.0,8.0,105.0,105.0
conversion/string_object,10240,173871.0,174039.0,1.0009662335869696,12.0,12.0,413.0,413.0
conversion/string_pretty,10240,90619.0,90874.0,1.0028139794082918,13.0,13.0,461.0,461.0
conversion/concat,10240,61702.0,61857.0,1.002512074162912,14.0,14.0,251.0,251.0
conversion/folded,10240,187267.0,187416.0,1.0007956554011117,0.0,0.0,0.0,0.0
conversion/constructor,10240,46538.0,46650.0,1.0024066354377068,13.0,13.0,561.0,561.0
conversion/chain_direct,10240,91015.0,91282.0,1.0029335823765313,16.0,16.0,242.0,242.0
conversion/chain_values,10240,87510.0,87780.0,1.0030853616729516,34.0,34.0,1254.0,1254.0
conversion/partial,10240,88458.0,88760.0,1.0034140496054624,29.0,29.0,1266.0,1266.0
conversion/partial_reused,10240,59685.0,59914.0,1.00383680991874,35.0,35.0,2218.0,2218.0
conversion/sum_direct,10240,94537.0,94596.0,1.0006240942699685,0.0,0.0,0.0,0.0
conversion/sum_chain,10240,94452.0,94583.0,1.0013869478677,0.0,0.0,0.0,0.0
conversion/sum_function,10240,93856.0,93877.0,1.0002237470167064,4.0,4.0,232.0,232.0
conversion/sum_partial,10240,93548.0,93538.0,0.9998931030059435,6.0,6.0,336.0,336.0
rust/number_text,10240,186214.0,186300.0,1.000461834233731,0.0,0.0,0.0,0.0
conversion/string_identity,1048576,1855.0,1854.0,0.9994609164420485,0.0,0.0,0.0,0.0
conversion/number_text,1048576,1853.0,1855.0,1.0010793308148949,0.0,0.0,0.0,0.0
conversion/number_value,1048576,1854.0,1854.0,1.0,0.0,0.0,0.0,0.0
conversion/string_number,1048576,1853.0,1854.0,1.0005396654074474,8.0,8.0,105.0,105.0
conversion/string_object,1048576,1854.0,1853.0,0.9994606256742179,12.0,12.0,413.0,413.0
conversion/string_pretty,1048576,942.0,943.0,1.0010615711252655,13.0,13.0,461.0,461.0
conversion/concat,1048576,632.0,632.0,1.0,14.0,14.0,251.0,251.0
conversion/folded,1048576,1855.0,1855.0,1.0,0.0,0.0,0.0,0.0
conversion/constructor,1048576,475.0,475.0,1.0,13.0,13.0,561.0,561.0
conversion/chain_direct,1048576,942.0,944.0,1.0021231422505308,16.0,16.0,242.0,242.0
conversion/chain_values,1048576,942.0,942.0,1.0,34.0,34.0,1254.0,1254.0
conversion/partial,1048576,942.0,942.0,1.0,29.0,29.0,1266.0,1266.0
conversion/partial_reused,1048576,631.0,632.0,1.0015847860538827,35.0,35.0,2218.0,2218.0
conversion/sum_direct,1048576,942.0,943.0,1.0010615711252655,0.0,0.0,0.0,0.0
conversion/sum_chain,1048576,943.0,942.0,0.9989395546129375,0.0,0.0,0.0,0.0
conversion/sum_function,1048576,943.0,943.0,1.0,4.0,4.0,232.0,232.0
conversion/sum_partial,1048576,943.0,944.0,1.0010604453870626,6.0,6.0,336.0,336.0
rust/number_text,1048576,1854.0,1855.0,1.000539374325782,0.0,0.0,0.0,0.0
composition/numeric_pipeline,234,317536.0,317678.0,1.000447193389096,17.0,17.0,1736.0,1736.0
composition/labels,234,192244.0,191942.0,0.9984290797112003,50.0,50.0,2741.0,2741.0
composition/grouping,234,273074.0,276069.0,1.0109677230347818,46.0,46.0,1376.0,1376.0
composition/static_lookup,234,260555.0,265717.0,1.019811556101399,60.0,60.0,3168.0,3168.0
composition/direct_fold,74,1958180.0,1658376.0,0.846896608074845,0.0,0.0,0.0,0.0
composition/chained_fold,74,1953712.0,1665752.0,0.8526087775475607,0.0,0.0,0.0,0.0
composition/numeric_pipeline,3886,22261.0,22308.0,1.0021113157540094,145.0,145.0,22856.0,22856.0
composition/labels,3886,9928.0,9979.0,1.00513698630137,486.0,486.0,39429.0,39429.0
composition/grouping,3886,19695.0,19787.0,1.0046712363544046,594.0,594.0,15416.0,15416.0
composition/static_lookup,3886,17922.0,18006.0,1.0046869768998996,844.0,844.0,45048.0,45048.0
composition/direct_fold,1180,132529.0,112272.0,0.8471504349991322,0.0,0.0,0.0,0.0
composition/chained_fold,1180,131827.0,112661.0,0.8546124845441374,0.0,0.0,0.0,0.0
composition/numeric_pipeline,32606,2862.0,2875.0,1.0045422781271838,1047.0,1047.0,180552.0,180552.0
composition/labels,32606,1049.0,1060.0,1.0104861773117255,3636.0,3636.0,341457.0,341457.0
composition/grouping,32606,2521.0,2532.0,1.0043633478778262,4632.0,4632.0,120248.0,120248.0
composition/static_lookup,32606,2192.0,2226.0,1.0155109489051095,6671.0,6671.0,357752.0,357752.0
composition/direct_fold,10164,16636.0,14335.0,0.8616855013224333,0.0,0.0,0.0,0.0
composition/chained_fold,10164,16661.0,14336.0,0.8604525538683152,0.0,0.0,0.0,0.0
compile/regex,0,197160.0,194706.0,0.9875532562385879,86.0,86.0,7496.0,7496.0
compile/regex_callback,0,358806.0,344855.0,0.9611182644660345,81.0,81.0,6397.0,6397.0
matcher/contains,100,3751430.0,3813690.0,1.0165963379298029,3.0,3.0,152.0,152.0
matcher/no_match,100,3264869.0,3235192.0,0.9909102019100919,3.0,3.0,152.0,152.0
matcher/literal_contains,100,2702236.0,2724373.0,1.0081921046126245,5.0,5.0,128.0,128.0
matcher/captures,100,1103123.0,1075423.0,0.9748894728874296,30.0,30.0,1376.0,1376.0
matcher/replace,100,1589563.0,1541981.0,0.9700659866894235,15.0,15.0,477.0,477.0
matcher/replace_captures,100,1292390.0,1254024.0,0.9703139145304436,19.0,19.0,817.0,817.0
matcher/replace_callback,100,460377.0,452935.0,0.9838349874124902,62.0,62.0,3012.0,3012.0
matcher/split,100,1044875.0,1030429.0,0.9861744227778443,30.0,30.0,1064.0,1064.0
matcher/closure,100,1977312.0,1976024.0,0.9993486106390899,11.0,11.0,920.0,920.0
matcher/next,100,892245.0,885350.0,0.9922723018901759,31.0,31.0,2120.0,2120.0
matcher/lookaround,100,1467848.0,1488993.0,1.0144054425253841,23.0,23.0,952.0,952.0
matcher/literal_replace,100,2413354.0,2350475.0,0.9739453888654545,8.0,8.0,221.0,221.0
rust/matcher_contains,100,9579041.0,9434985.0,0.9849613338120173,1.0,1.0,40.0,40.0
matcher/contains,500,1446635.0,1459479.0,1.008878535359645,3.0,3.0,152.0,152.0
matcher/no_match,500,1365023.0,1368654.0,1.0026600284390812,3.0,3.0,152.0,152.0
matcher/literal_contains,500,1260211.0,1261977.0,1.001401352630631,5.0,5.0,128.0,128.0
matcher/captures,500,733626.0,736242.0,1.0035658496291027,30.0,30.0,1376.0,1376.0
matcher/replace,500,916827.0,923480.0,1.007256548945439,15.0,15.0,477.0,477.0
matcher/replace_captures,500,804373.0,814254.0,1.0122841020272932,19.0,19.0,817.0,817.0
matcher/replace_callback,500,380969.0,379691.0,0.9966453963445845,62.0,62.0,3012.0,3012.0
matcher/split,500,685488.0,710518.0,1.0365141329972225,30.0,30.0,1064.0,1064.0
matcher/closure,500,1051149.0,1059255.0,1.0077115613485814,11.0,11.0,920.0,920.0
matcher/next,500,640333.0,628385.0,0.9813409585325136,31.0,31.0,2120.0,2120.0
matcher/lookaround,500,913672.0,922421.0,1.0095756464026477,23.0,23.0,952.0,952.0
matcher/literal_replace,500,1138473.0,1178956.0,1.0355590338989156,8.0,8.0,221.0,221.0
rust/matcher_contains,500,3120286.0,3145713.0,1.0081489325017001,1.0,1.0,40.0,40.0
matcher/contains,1024,815273.0,817927.0,1.0032553512749718,3.0,3.0,152.0,152.0
matcher/no_match,1024,785394.0,788460.0,1.0039037731380682,3.0,3.0,152.0,152.0
matcher/literal_contains,1024,746571.0,752920.0,1.0085042146024958,5.0,5.0,128.0,128.0
matcher/captures,1024,530233.0,527843.0,0.9954925476158595,30.0,30.0,1376.0,1376.0
matcher/replace,1024,620575.0,624847.0,1.006883938283044,15.0,15.0,477.0,477.0
matcher/replace_captures,1024,569144.0,567796.0,0.9976315308603798,19.0,19.0,817.0,817.0
matcher/replace_callback,1024,316858.0,313442.0,0.9892191454847282,62.0,62.0,3012.0,3012.0
matcher/split,1024,521583.0,519264.0,0.9955539195104135,30.0,30.0,1064.0,1064.0
matcher/closure,1024,680439.0,681353.0,1.0013432504603645,11.0,11.0,920.0,920.0
matcher/next,1024,474389.0,471465.0,0.9938362820385801,31.0,31.0,2120.0,2120.0
matcher/lookaround,1024,613449.0,619923.0,1.010553444540622,23.0,23.0,952.0,952.0
matcher/literal_replace,1024,727874.0,724975.0,0.996017167806516,8.0,8.0,221.0,221.0
rust/matcher_contains,1024,1682102.0,1707001.0,1.0148023128205068,1.0,1.0,40.0,40.0
matcher/contains,10240,94851.0,94588.0,0.9972272300766465,3.0,3.0,152.0,152.0
matcher/no_match,10240,94533.0,94268.0,0.9971967461098241,3.0,3.0,152.0,152.0
matcher/literal_contains,10240,93930.0,93688.0,0.9974236133290748,5.0,5.0,128.0,128.0
matcher/captures,10240,89007.0,89006.0,0.9999887649286011,30.0,30.0,1376.0,1376.0
matcher/replace,10240,91523.0,91221.0,0.9967002829889754,15.0,15.0,477.0,477.0
matcher/replace_captures,10240,89578.0,89853.0,1.0030699502109892,19.0,19.0,817.0,817.0
matcher/replace_callback,10240,80051.0,79674.0,0.9952905023047807,62.0,62.0,3012.0,3012.0
matcher/split,10240,88185.0,88594.0,1.004637976980212,30.0,30.0,1064.0,1064.0
matcher/closure,10240,92308.0,92419.0,1.00120249599168,11.0,11.0,920.0,920.0
matcher/next,10240,87175.0,87210.0,1.0004014912532262,31.0,31.0,2120.0,2120.0
matcher/lookaround,10240,91087.0,91157.0,1.000768496053224,23.0,23.0,952.0,952.0
matcher/literal_replace,10240,93367.0,93182.0,0.9980185718722889,8.0,8.0,221.0,221.0
rust/matcher_contains,10240,186692.0,187282.0,1.00316028538984,1.0,1.0,40.0,40.0
matcher/contains,1048576,944.0,943.0,0.9989406779661016,3.0,3.0,152.0,152.0
matcher/no_match,1048576,943.0,943.0,1.0,3.0,3.0,152.0,152.0
matcher/literal_contains,1048576,937.0,943.0,1.0064034151547492,5.0,5.0,128.0,128.0
matcher/captures,1048576,939.0,943.0,1.0042598509052183,30.0,30.0,1376.0,1376.0
matcher/replace,1048576,940.0,942.0,1.0021276595744681,15.0,15.0,477.0,477.0
matcher/replace_captures,1048576,944.0,943.0,0.9989406779661016,19.0,19.0,817.0,817.0
matcher/replace_callback,1048576,940.0,941.0,1.001063829787234,62.0,62.0,3012.0,3012.0
matcher/split,1048576,942.0,942.0,1.0,30.0,30.0,1064.0,1064.0
matcher/closure,1048576,945.0,943.0,0.9978835978835979,11.0,11.0,920.0,920.0
matcher/next,1048576,944.0,943.0,0.9989406779661016,31.0,31.0,2120.0,2120.0
matcher/lookaround,1048576,944.0,943.0,0.9989406779661016,23.0,23.0,952.0,952.0
matcher/literal_replace,1048576,945.0,943.0,0.9978835978835979,8.0,8.0,221.0,221.0
rust/matcher_contains,1048576,1860.0,1856.0,0.9978494623655914,1.0,1.0,40.0,40.0
matcher/long_contains,149,1441292.0,1458322.0,1.0118157875017693,4.0,4.0,312.0,312.0
matcher/long_no_match,149,1555161.0,1563413.0,1.0053062030233526,3.0,3.0,152.0,152.0
matcher/long_replace,149,812246.0,798342.0,0.9828820332756333,18.0,18.0,1815.0,1815.0
matcher/repeated_replace,171,227566.0,231244.0,1.016162344111159,148.0,148.0,9561.0,9561.0
matcher/limited_captures,171,638202.0,661283.0,1.036165665416279,60.0,60.0,2736.0,2736.0
matcher/long_contains,4117,72106.0,71973.0,0.9981554933015283,4.0,4.0,312.0,312.0
matcher/long_no_match,4117,72375.0,72250.0,0.998272884283247,3.0,3.0,152.0,152.0
matcher/long_replace,4117,50058.0,47638.0,0.9516560789484199,23.0,23.0,45463.0,45463.0
matcher/repeated_replace,5131,8472.0,8411.0,0.9927998111425873,4126.0,4126.0,300217.0,300217.0
matcher/limited_captures,5131,144240.0,144274.0,1.0002357182473656,60.0,60.0,2736.0,2736.0
matcher/long_contains,65557,4611.0,4604.0,0.9984818911299067,4.0,4.0,312.0,312.0
matcher/long_no_match,65557,4607.0,4603.0,0.9991317560234426,3.0,3.0,152.0,152.0
matcher/long_replace,65557,3306.0,3129.0,0.9464609800362976,27.0,27.0,721303.0,721303.0
matcher/repeated_replace,81931,532.0,549.0,1.031954887218045,65574.0,65574.0,4800697.0,4800697.0
matcher/limited_captures,81931,11221.0,11197.0,0.9978611531949024,60.0,60.0,2736.0,2736.0
matcher/unicode_contains,139,1433143.0,1473064.0,1.0278555594242864,10.0,10.0,832.0,832.0
matcher/unicode_replace,139,816895.0,826442.0,1.0116869365095882,25.0,25.0,1793.0,1793.0
matcher/unicode_captures,139,663185.0,670869.0,1.0115865105513544,45.0,45.0,2396.0,2396.0
matcher/unicode_zero_limit,139,2950201.0,2975826.0,1.0086858488625012,2.0,2.0,112.0,112.0
matcher/unicode_contains,2059,170935.0,174717.0,1.022125369292421,14.0,14.0,10912.0,10912.0
matcher/unicode_replace,2059,121749.0,117692.0,0.9666773443724384,33.0,33.0,23873.0,23873.0
matcher/unicode_captures,2059,151632.0,152701.0,1.0070499630684815,49.0,49.0,12476.0,12476.0
matcher/unicode_zero_limit,2059,320293.0,320313.0,1.0000624428257876,2.0,2.0,112.0,112.0
matcher/unicode_contains,32779,11930.0,11896.0,0.9971500419111483,18.0,18.0,172192.0,172192.0
matcher/unicode_replace,32779,8739.0,8457.0,0.9677308616546516,41.0,41.0,377153.0,377153.0
matcher/unicode_captures,32779,11816.0,11784.0,0.997291807718348,53.0,53.0,173756.0,173756.0
matcher/unicode_zero_limit,32779,21071.0,21036.0,0.9983389492667647,2.0,2.0,112.0,112.0
matcher/filtered_sum,206,345047.0,349770.0,1.013687990331752,63.0,63.0,3736.0,3736.0
matcher/mixed,206,143420.0,143163.0,0.998208060242644,141.0,141.0,7556.0,7556.0
matcher/grouped,206,269994.0,284559.0,1.0539456432365164,62.0,62.0,2588.0,2588.0
matcher/filtered_sum,3292,23594.0,24075.0,1.0203865389505806,915.0,915.0,61096.0,61096.0
matcher/mixed,3292,10053.0,10153.0,1.009947279419079,2073.0,2073.0,112976.0,112976.0
matcher/grouped,3292,18926.0,19828.0,1.0476593046602558,850.0,850.0,34808.0,34808.0
matcher/filtered_sum,27060,3073.0,3077.0,1.0013016596160105,7196.0,7196.0,489384.0,489384.0
matcher/mixed,27060,1277.0,1295.0,1.0140955364134692,16418.0,16418.0,900112.0,900112.0
matcher/grouped,27060,2384.0,2511.0,1.0532718120805369,6680.0,6680.0,275384.0,275384.0
