workload,input_bytes,sample,records,seconds,records_per_second,input_bytes_per_second,allocations_per_record,allocated_bytes_per_record
compile,0,0,801504,0.050000583,16029893,0,4.000000,106.000000
compile,0,1,872608,0.050001500,17451636,0,4.000000,106.000000
compile,0,2,892160,0.050000000,17843200,0,4.000000,106.000000
compile,0,3,892448,0.050000125,17848915,0,4.000000,106.000000
compile,0,4,891200,0.050001083,17823614,0,4.000000,106.000000
compile,0,5,897632,0.050001334,17952161,0,4.000000,106.000000
compile,0,6,897536,0.050000459,17950555,0,4.000000,106.000000
ascii/validate,100,0,626400,0.050002542,12527363,1252736311,0.000000,0.000000
ascii/validate,100,1,637600,0.050001500,12751617,1275161745,0.000000,0.000000
ascii/validate,100,2,618048,0.050002416,12360363,1236036275,0.000000,0.000000
ascii/validate,100,3,621056,0.050001042,12420861,1242086115,0.000000,0.000000
ascii/validate,100,4,619744,0.050000708,12394704,1239470449,0.000000,0.000000
ascii/validate,100,5,623104,0.050001792,12461633,1246163338,0.000000,0.000000
ascii/validate,100,6,622528,0.050000667,12450394,1245039391,0.000000,0.000000
ascii/identity,100,0,618912,0.050000000,12378240,1237824000,0.000000,0.000000
ascii/identity,100,1,640000,0.050001208,12799691,1279969076,0.000000,0.000000
ascii/identity,100,2,631648,0.050001417,12632602,1263260199,0.000000,0.000000
ascii/identity,100,3,628192,0.050000292,12563767,1256376663,0.000000,0.000000
ascii/identity,100,4,640832,0.050000875,12816416,1281641571,0.000000,0.000000
ascii/identity,100,5,626400,0.050002417,12527394,1252739443,0.000000,0.000000
ascii/identity,100,6,624064,0.050000417,12481176,1248117591,0.000000,0.000000
ascii/shallow,100,0,528192,0.050001459,10563532,1056353176,0.000000,0.000000
ascii/shallow,100,1,531616,0.050000250,10632267,1063226684,0.000000,0.000000
ascii/shallow,100,2,534240,0.050000709,10684648,1068464849,0.000000,0.000000
ascii/shallow,100,3,546528,0.050001834,10930159,1093015908,0.000000,0.000000
ascii/shallow,100,4,546560,0.050001875,10930790,1093079010,0.000000,0.000000
ascii/shallow,100,5,547264,0.050001208,10945016,1094501557,0.000000,0.000000
ascii/shallow,100,6,549344,0.050002042,10986431,1098643131,0.000000,0.000000
ascii/nested,100,0,525216,0.050001208,10504066,1050406622,0.000000,0.000000
ascii/nested,100,1,503040,0.050002292,10060339,1006033883,0.000000,0.000000
ascii/nested,100,2,520544,0.050001333,10410602,1041060245,0.000000,0.000000
ascii/nested,100,3,521248,0.050001584,10424630,1042462975,0.000000,0.000000
ascii/nested,100,4,523712,0.050001500,10473926,1047392578,0.000000,0.000000
ascii/nested,100,5,526656,0.050002208,10532655,1053265488,0.000000,0.000000
ascii/nested,100,6,530240,0.050001875,10604402,1060440233,0.000000,0.000000
ascii/missing,100,0,557152,0.050002042,11142585,1114258494,0.000000,0.000000
ascii/missing,100,1,558368,0.050001291,11167072,1116707167,0.000000,0.000000
ascii/missing,100,2,556704,0.050001375,11133774,1113377382,0.000000,0.000000
ascii/missing,100,3,556192,0.050002834,11123210,1112320954,0.000000,0.000000
ascii/missing,100,4,555968,0.050002208,11118869,1111886899,0.000000,0.000000
ascii/missing,100,5,554240,0.050002584,11084227,1108422717,0.000000,0.000000
ascii/missing,100,6,556544,0.050000458,11130778,1113077804,0.000000,0.000000
ascii/array_value,100,0,544832,0.050001750,10896259,1089625863,0.000000,0.000000
ascii/array_value,100,1,546208,0.050000042,10924151,1092415082,0.000000,0.000000
ascii/array_value,100,2,541120,0.050000958,10822193,1082219265,0.000000,0.000000
ascii/array_value,100,3,544832,0.050000083,10896622,1089662191,0.000000,0.000000
ascii/array_value,100,4,543776,0.050001833,10875121,1087512132,0.000000,0.000000
ascii/array_value,100,5,546656,0.050002875,10932491,1093249138,0.000000,0.000000
ascii/array_value,100,6,546080,0.050001083,10921363,1092136344,0.000000,0.000000
ascii/identity_write,100,0,340384,0.050001125,6807527,680752683,0.000000,0.000000
ascii/identity_write,100,1,335680,0.050003375,6713147,671314686,0.000000,0.000000
ascii/identity_write,100,2,336384,0.050001458,6727484,672748383,0.000000,0.000000
ascii/identity_write,100,3,335392,0.050003375,6707387,670738725,0.000000,0.000000
ascii/identity_write,100,4,336672,0.050003750,6732935,673293503,0.000000,0.000000
ascii/identity_write,100,5,338144,0.050002708,6762514,676251374,0.000000,0.000000
ascii/identity_write,100,6,338304,0.050004500,6765471,676547111,0.000000,0.000000
ascii/validate,500,0,172928,0.050003667,3458306,1729153184,0.000000,0.000000
ascii/validate,500,1,172832,0.050003417,3456404,1728201895,0.000000,0.000000
ascii/validate,500,2,174880,0.050005000,3497250,1748625137,0.000000,0.000000
ascii/validate,500,3,175680,0.050005334,3513225,1756612605,0.000000,0.000000
ascii/validate,500,4,176640,0.050001125,3532721,1766360257,0.000000,0.000000
ascii/validate,500,5,178112,0.050003917,3561961,1780980478,0.000000,0.000000
ascii/validate,500,6,175808,0.050007458,3515636,1757817804,0.000000,0.000000
ascii/identity,500,0,173440,0.050006542,3468346,1734173101,0.000000,0.000000
ascii/identity,500,1,172576,0.050007709,3450988,1725493963,0.000000,0.000000
ascii/identity,500,2,172768,0.050004458,3455052,1727525974,0.000000,0.000000
ascii/identity,500,3,172768,0.050008834,3454750,1727374807,0.000000,0.000000
ascii/identity,500,4,172640,0.050002750,3452610,1726305053,0.000000,0.000000
ascii/identity,500,5,173024,0.050001583,3460370,1730185222,0.000000,0.000000
ascii/identity,500,6,173568,0.050007708,3470825,1735412469,0.000000,0.000000
ascii/shallow,500,0,165184,0.050000667,3303636,1651817965,0.000000,0.000000
ascii/shallow,500,1,170912,0.050007209,3417747,1708873615,0.000000,0.000000
ascii/shallow,500,2,168064,0.050007708,3360762,1680380952,0.000000,0.000000
ascii/shallow,500,3,168512,0.050005792,3369850,1684924818,0.000000,0.000000
ascii/shallow,500,4,170208,0.050002250,3404007,1702003410,0.000000,0.000000
ascii/shallow,500,5,169664,0.050004833,3392952,1696476019,0.000000,0.000000
ascii/shallow,500,6,167360,0.050009875,3346539,1673269529,0.000000,0.000000
ascii/nested,500,0,167488,0.050008042,3349221,1674610656,0.000000,0.000000
ascii/nested,500,1,167136,0.050000000,3342720,1671360000,0.000000,0.000000
ascii/nested,500,2,167712,0.050007625,3353729,1676864278,0.000000,0.000000
ascii/nested,500,3,166048,0.050007750,3320445,1660222665,0.000000,0.000000
ascii/nested,500,4,164736,0.050004458,3294426,1647213134,0.000000,0.000000
ascii/nested,500,5,162112,0.050001791,3242124,1621061934,0.000000,0.000000
ascii/nested,500,6,162432,0.050000584,3248602,1624301028,0.000000,0.000000
ascii/missing,500,0,164576,0.050006375,3291100,1645550192,0.000000,0.000000
ascii/missing,500,1,164576,0.050002583,3291350,1645674984,0.000000,0.000000
ascii/missing,500,2,170528,0.050000875,3410500,1705250158,0.000000,0.000000
ascii/missing,500,3,171168,0.050004875,3423026,1711513127,0.000000,0.000000
ascii/missing,500,4,170432,0.050000083,3408634,1704317171,0.000000,0.000000
ascii/missing,500,5,170016,0.050009334,3399685,1699842673,0.000000,0.000000
ascii/missing,500,6,170464,0.050001541,3409175,1704587465,0.000000,0.000000
ascii/array_value,500,0,168256,0.050006459,3364685,1682342675,0.000000,0.000000
ascii/array_value,500,1,169728,0.050006041,3394150,1697074959,0.000000,0.000000
ascii/array_value,500,2,167488,0.050004833,3349436,1674718122,0.000000,0.000000
ascii/array_value,500,3,162560,0.050002417,3251043,1625521422,0.000000,0.000000
ascii/array_value,500,4,166432,0.050002750,3328457,1664228467,0.000000,0.000000
ascii/array_value,500,5,170144,0.050001583,3402772,1701386134,0.000000,0.000000
ascii/array_value,500,6,168128,0.050007458,3362059,1681029258,0.000000,0.000000
ascii/identity_write,500,0,77824,0.050002500,1556402,778201090,0.000000,0.000000
ascii/identity_write,500,1,77152,0.050004625,1542897,771448641,0.000000,0.000000
ascii/identity_write,500,2,76736,0.050014791,1534266,767133067,0.000000,0.000000
ascii/identity_write,500,3,77344,0.050002500,1546803,773401330,0.000000,0.000000
ascii/identity_write,500,4,77024,0.050017500,1539941,769970510,0.000000,0.000000
ascii/identity_write,500,5,76864,0.050011417,1536929,768464529,0.000000,0.000000
ascii/identity_write,500,6,76640,0.050020584,1532169,766084618,0.000000,0.000000
ascii/validate,1024,0,90208,0.050012042,1803726,1847015005,0.000000,0.000000
ascii/validate,1024,1,93216,0.050015083,1863758,1908487966,0.000000,0.000000
ascii/validate,1024,2,90976,0.050013792,1819018,1862674680,0.000000,0.000000
ascii/validate,1024,3,89952,0.050015083,1798497,1841661404,0.000000,0.000000
ascii/validate,1024,4,89536,0.050001834,1790654,1833630022,0.000000,0.000000
ascii/validate,1024,5,90688,0.050014834,1813222,1856739383,0.000000,0.000000
ascii/validate,1024,6,90944,0.050015250,1818325,1861965221,0.000000,0.000000
ascii/identity,1024,0,89888,0.050009917,1797404,1840541187,0.000000,0.000000
ascii/identity,1024,1,89632,0.050012583,1792189,1835201513,0.000000,0.000000
ascii/identity,1024,2,89024,0.050014042,1779980,1822699633,0.000000,0.000000
ascii/identity,1024,3,88896,0.050006667,1777683,1820347355,0.000000,0.000000
ascii/identity,1024,4,88288,0.050014709,1765241,1807606478,0.000000,0.000000
ascii/identity,1024,5,90688,0.050010333,1813385,1856906492,0.000000,0.000000
ascii/identity,1024,6,88448,0.050015583,1768409,1810850670,0.000000,0.000000
ascii/shallow,1024,0,85984,0.050007250,1719431,1760697019,0.000000,0.000000
ascii/shallow,1024,1,90272,0.050013208,1804963,1848282318,0.000000,0.000000
ascii/shallow,1024,2,70304,0.050000958,1406053,1439798333,0.000000,0.000000
ascii/shallow,1024,3,89568,0.050008292,1791063,1834048481,0.000000,0.000000
ascii/shallow,1024,4,87584,0.050002750,1751584,1793621671,0.000000,0.000000
ascii/shallow,1024,5,86528,0.050001917,1730494,1772025501,0.000000,0.000000
ascii/shallow,1024,6,87296,0.050000167,1745914,1787816109,0.000000,0.000000
ascii/nested,1024,0,87680,0.050006417,1753375,1795455971,0.000000,0.000000
ascii/nested,1024,1,86624,0.050016083,1731923,1773489060,0.000000,0.000000
ascii/nested,1024,2,85696,0.050000292,1713910,1755043831,0.000000,0.000000
ascii/nested,1024,3,85472,0.050009583,1709112,1750131130,0.000000,0.000000
ascii/nested,1024,4,85408,0.050010625,1707797,1748784223,0.000000,0.000000
ascii/nested,1024,5,86496,0.050011917,1729508,1771015976,0.000000,0.000000
ascii/nested,1024,6,88736,0.050000417,1774705,1817298124,0.000000,0.000000
ascii/missing,1024,0,86176,0.050001750,1723460,1764822711,0.000000,0.000000
ascii/missing,1024,1,86304,0.050014625,1725575,1766989076,0.000000,0.000000
ascii/missing,1024,2,89024,0.050016125,1779906,1822623724,0.000000,0.000000
ascii/missing,1024,3,87968,0.050009000,1759043,1801260413,0.000000,0.000000
ascii/missing,1024,4,87520,0.050016208,1749833,1791828761,0.000000,0.000000
ascii/missing,1024,5,87744,0.050010041,1754528,1796636319,0.000000,0.000000
ascii/missing,1024,6,88992,0.050005625,1779640,1822351145,0.000000,0.000000
ascii/array_value,1024,0,89856,0.050011375,1796711,1839832318,0.000000,0.000000
ascii/array_value,1024,1,88288,0.050012375,1765323,1807690837,0.000000,0.000000
ascii/array_value,1024,2,86912,0.050012167,1737817,1779524730,0.000000,0.000000
ascii/array_value,1024,3,88800,0.050005750,1775796,1818414882,0.000000,0.000000
ascii/array_value,1024,4,86432,0.050012834,1728196,1769673120,0.000000,0.000000
ascii/array_value,1024,5,86432,0.050009042,1728327,1769807308,0.000000,0.000000
ascii/array_value,1024,6,85856,0.050004833,1716954,1758160936,0.000000,0.000000
ascii/identity_write,1024,0,38784,0.050003083,775632,794247347,0.000000,0.000000
ascii/identity_write,1024,1,40576,0.050037750,810908,830369551,0.000000,0.000000
ascii/identity_write,1024,2,39744,0.050027459,794444,813510356,0.000000,0.000000
ascii/identity_write,1024,3,39520,0.050011500,790218,809183488,0.000000,0.000000
ascii/identity_write,1024,4,39552,0.050029416,790575,809548686,0.000000,0.000000
ascii/identity_write,1024,5,39968,0.050000042,799359,818543952,0.000000,0.000000
ascii/identity_write,1024,6,38816,0.050012000,776134,794760937,0.000000,0.000000
ascii/validate,10240,0,9408,0.050016375,188098,1926127593,0.000000,0.000000
ascii/validate,10240,1,9728,0.050065542,194305,1989686240,0.000000,0.000000
ascii/validate,10240,2,9888,0.050073375,197470,2022094976,0.000000,0.000000
ascii/validate,10240,3,9664,0.050090125,192932,1975626134,0.000000,0.000000
ascii/validate,10240,4,9696,0.050024917,193823,1984751719,0.000000,0.000000
ascii/validate,10240,5,9600,0.050110500,191577,1961744545,0.000000,0.000000
ascii/validate,10240,6,9568,0.050123208,190890,1954709683,0.000000,0.000000
ascii/identity,10240,0,9696,0.050120833,193452,1980953509,0.000000,0.000000
ascii/identity,10240,1,9856,0.050089375,196768,2014907153,0.000000,0.000000
ascii/identity,10240,2,9792,0.050089250,195491,2001828336,0.000000,0.000000
ascii/identity,10240,3,9568,0.050070375,191091,1956772243,0.000000,0.000000
ascii/identity,10240,4,9568,0.050138208,190833,1954124886,0.000000,0.000000
ascii/identity,10240,5,9600,0.050146792,191438,1960324800,0.000000,0.000000
ascii/identity,10240,6,9504,0.050002750,190070,1946312153,0.000000,0.000000
ascii/shallow,10240,0,9504,0.050096166,189715,1942682799,0.000000,0.000000
ascii/shallow,10240,1,9472,0.050167333,188808,1933395184,0.000000,0.000000
ascii/shallow,10240,2,9568,0.050169167,190715,1952919011,0.000000,0.000000
ascii/shallow,10240,3,9408,0.050040666,188007,1925192602,0.000000,0.000000
ascii/shallow,10240,4,9376,0.050078833,187225,1917182056,0.000000,0.000000
ascii/shallow,10240,5,9376,0.050050583,187330,1918264169,0.000000,0.000000
ascii/shallow,10240,6,9376,0.050027125,187418,1919163654,0.000000,0.000000
ascii/nested,10240,0,9536,0.050152000,190142,1947053757,0.000000,0.000000
ascii/nested,10240,1,9760,0.050163791,194563,1992321513,0.000000,0.000000
ascii/nested,10240,2,9536,0.050105584,190318,1948857437,0.000000,0.000000
ascii/nested,10240,3,9536,0.050094417,190361,1949291874,0.000000,0.000000
ascii/nested,10240,4,9568,0.050113708,190926,1955080235,0.000000,0.000000
ascii/nested,10240,5,9504,0.050060500,189850,1944066879,0.000000,0.000000
ascii/nested,10240,6,9792,0.050007209,195812,2005112503,0.000000,0.000000
ascii/missing,10240,0,9504,0.050037792,189936,1944949130,0.000000,0.000000
ascii/missing,10240,1,9600,0.050041167,191842,1964462579,0.000000,0.000000
ascii/missing,10240,2,9952,0.050049541,198843,2036152140,0.000000,0.000000
ascii/missing,10240,3,9600,0.050145042,191445,1960393213,0.000000,0.000000
ascii/missing,10240,4,9536,0.050127709,190234,1947997264,0.000000,0.000000
ascii/missing,10240,5,9760,0.050027333,195093,1997755907,0.000000,0.000000
ascii/missing,10240,6,9696,0.050163666,193287,1979262042,0.000000,0.000000
ascii/array_value,10240,0,9472,0.050059708,189214,1937551853,0.000000,0.000000
ascii/array_value,10240,1,9504,0.050075958,189792,1943466763,0.000000,0.000000
ascii/array_value,10240,2,9472,0.050080917,189134,1936731310,0.000000,0.000000
ascii/array_value,10240,3,9472,0.050078791,189142,1936813531,0.000000,0.000000
ascii/array_value,10240,4,9472,0.050099125,189065,1936027426,0.000000,0.000000
ascii/array_value,10240,5,9568,0.050092250,191008,1955917732,0.000000,0.000000
ascii/array_value,10240,6,9728,0.050067083,194299,1989625000,0.000000,0.000000
ascii/identity_write,10240,0,4032,0.050102833,80474,824058791,0.000000,0.000000
ascii/identity_write,10240,1,3616,0.050039667,72263,739969752,0.000000,0.000000
ascii/identity_write,10240,2,4096,0.050254958,81504,834605015,0.000000,0.000000
ascii/identity_write,10240,3,4032,0.050271125,80205,821300100,0.000000,0.000000
ascii/identity_write,10240,4,4032,0.050239958,80255,821809604,0.000000,0.000000
ascii/identity_write,10240,5,4064,0.050336542,80737,826742528,0.000000,0.000000
ascii/identity_write,10240,6,4128,0.050157875,82300,842753406,0.000000,0.000000
ascii/validate,65536,0,1504,0.050316917,29891,1958906664,0.000000,0.000000
ascii/validate,65536,1,1504,0.050552958,29751,1949760170,0.000000,0.000000
ascii/validate,65536,2,1504,0.050441000,29817,1954087825,0.000000,0.000000
ascii/validate,65536,3,1568,0.050907042,30801,2018590041,0.000000,0.000000
ascii/validate,65536,4,1504,0.050136625,29998,1965950919,0.000000,0.000000
ascii/validate,65536,5,1504,0.050380500,29853,1956434414,0.000000,0.000000
ascii/validate,65536,6,1504,0.050380833,29853,1956421483,0.000000,0.000000
ascii/identity,65536,0,1504,0.050344583,29874,1957830180,0.000000,0.000000
ascii/identity,65536,1,1504,0.050031417,30061,1970084997,0.000000,0.000000
ascii/identity,65536,2,1504,0.050784917,29615,1940854683,0.000000,0.000000
ascii/identity,65536,3,1504,0.050968083,29509,1933879758,0.000000,0.000000
ascii/identity,65536,4,1504,0.050858209,29572,1938057709,0.000000,0.000000
ascii/identity,65536,5,1504,0.050970917,29507,1933772233,0.000000,0.000000
ascii/identity,65536,6,1568,0.050559208,31013,2032477407,0.000000,0.000000
ascii/shallow,65536,0,1536,0.050377458,30490,1998181329,0.000000,0.000000
ascii/shallow,65536,1,1504,0.050899750,29548,1936475994,0.000000,0.000000
ascii/shallow,65536,2,1472,0.050209458,29317,1921331077,0.000000,0.000000
ascii/shallow,65536,3,1504,0.050796791,29608,1940400999,0.000000,0.000000
ascii/shallow,65536,4,1472,0.050353750,29233,1915825375,0.000000,0.000000
ascii/shallow,65536,5,1472,0.050032167,29421,1928139391,0.000000,0.000000
ascii/shallow,65536,6,1472,0.050012459,29433,1928899197,0.000000,0.000000
ascii/nested,65536,0,1504,0.050952000,29518,1934490187,0.000000,0.000000
ascii/nested,65536,1,1504,0.050747792,29637,1942274533,0.000000,0.000000
ascii/nested,65536,2,1504,0.050656708,29690,1945766867,0.000000,0.000000
ascii/nested,65536,3,1568,0.050763625,30888,2024292946,0.000000,0.000000
ascii/nested,65536,4,1536,0.050896750,30179,1977794181,0.000000,0.000000
ascii/nested,65536,5,1504,0.050662958,29686,1945526828,0.000000,0.000000
ascii/nested,65536,6,1504,0.050491958,29787,1952115701,0.000000,0.000000
ascii/missing,65536,0,1536,0.050917667,30166,1976981703,0.000000,0.000000
ascii/missing,65536,1,1536,0.050070209,30677,2010442896,0.000000,0.000000
ascii/missing,65536,2,1504,0.050012250,30073,1970840024,0.000000,0.000000
ascii/missing,65536,3,1504,0.050725875,29650,1943113726,0.000000,0.000000
ascii/missing,65536,4,1504,0.050929708,29531,1935336916,0.000000,0.000000
ascii/missing,65536,5,1504,0.050816375,29597,1939653192,0.000000,0.000000
ascii/missing,65536,6,1536,0.050090125,30665,2009643538,0.000000,0.000000
ascii/array_value,65536,0,1536,0.050473458,30432,1994380809,0.000000,0.000000
ascii/array_value,65536,1,1504,0.050331000,29882,1958358546,0.000000,0.000000
ascii/array_value,65536,2,1504,0.050256542,29926,1961259969,0.000000,0.000000
ascii/array_value,65536,3,1536,0.050825708,30221,1980558657,0.000000,0.000000
ascii/array_value,65536,4,1504,0.050311875,29894,1959102975,0.000000,0.000000
ascii/array_value,65536,5,1504,0.050382333,29852,1956363236,0.000000,0.000000
ascii/array_value,65536,6,1504,0.050315375,29891,1958966698,0.000000,0.000000
ascii/identity_write,65536,0,640,0.050641875,12638,828228418,0.000000,0.000000
ascii/identity_write,65536,1,672,0.052045417,12912,846187706,0.000000,0.000000
ascii/identity_write,65536,2,640,0.050542792,12663,829852059,0.000000,0.000000
ascii/identity_write,65536,3,640,0.050129958,12767,836686119,0.000000,0.000000
ascii/identity_write,65536,4,640,0.050299666,12724,833863191,0.000000,0.000000
ascii/identity_write,65536,5,640,0.050800041,12598,825649727,0.000000,0.000000
ascii/identity_write,65536,6,640,0.050744667,12612,826550699,0.000000,0.000000
ascii/validate,1048576,0,96,0.050804750,1890,1981375678,0.000000,0.000000
ascii/validate,1048576,1,96,0.051331625,1870,1961038561,0.000000,0.000000
ascii/validate,1048576,2,96,0.051489333,1864,1955032045,0.000000,0.000000
ascii/validate,1048576,3,96,0.051467125,1865,1955875639,0.000000,0.000000
ascii/validate,1048576,4,96,0.051445709,1866,1956689838,0.000000,0.000000
ascii/validate,1048576,5,96,0.051464208,1865,1955986498,0.000000,0.000000
ascii/validate,1048576,6,96,0.051680958,1858,1947783089,0.000000,0.000000
ascii/identity,1048576,0,128,0.066794292,1916,2009419128,0.000000,0.000000
ascii/identity,1048576,1,96,0.051179833,1876,1966854718,0.000000,0.000000
ascii/identity,1048576,2,96,0.051452125,1866,1956445842,0.000000,0.000000
ascii/identity,1048576,3,96,0.051325083,1870,1961288519,0.000000,0.000000
ascii/identity,1048576,4,128,0.066613500,1922,2014872781,0.000000,0.000000
ascii/identity,1048576,5,96,0.051428500,1867,1957344585,0.000000,0.000000
ascii/identity,1048576,6,96,0.051325750,1870,1961263031,0.000000,0.000000
ascii/shallow,1048576,0,96,0.051371666,1869,1959510054,0.000000,0.000000
ascii/shallow,1048576,1,96,0.050436333,1903,1995848826,0.000000,0.000000
ascii/shallow,1048576,2,96,0.050953750,1884,1975581699,0.000000,0.000000
ascii/shallow,1048576,3,96,0.051781083,1854,1944016814,0.000000,0.000000
ascii/shallow,1048576,4,96,0.051811834,1853,1942863015,0.000000,0.000000
ascii/shallow,1048576,5,96,0.051757083,1855,1944918264,0.000000,0.000000
ascii/shallow,1048576,6,96,0.051763125,1855,1944691245,0.000000,0.000000
ascii/nested,1048576,0,96,0.051764959,1855,1944622346,0.000000,0.000000
ascii/nested,1048576,1,128,0.066325750,1930,2023614177,0.000000,0.000000
ascii/nested,1048576,2,128,0.066856000,1915,2007564437,0.000000,0.000000
ascii/nested,1048576,3,96,0.051619333,1860,1950108422,0.000000,0.000000
ascii/nested,1048576,4,96,0.051522083,1863,1953789330,0.000000,0.000000
ascii/nested,1048576,5,96,0.051591875,1861,1951146300,0.000000,0.000000
ascii/nested,1048576,6,96,0.051421375,1867,1957615797,0.000000,0.000000
ascii/missing,1048576,0,96,0.050935125,1885,1976304093,0.000000,0.000000
ascii/missing,1048576,1,96,0.051242083,1873,1964465340,0.000000,0.000000
ascii/missing,1048576,2,96,0.051276000,1872,1963165926,0.000000,0.000000
ascii/missing,1048576,3,96,0.051351250,1869,1960289107,0.000000,0.000000
ascii/missing,1048576,4,96,0.051268584,1872,1963449898,0.000000,0.000000
ascii/missing,1048576,5,96,0.051452750,1866,1956422077,0.000000,0.000000
ascii/missing,1048576,6,96,0.050690833,1894,1985828404,0.000000,0.000000
ascii/array_value,1048576,0,96,0.051309500,1871,1961884173,0.000000,0.000000
ascii/array_value,1048576,1,96,0.051408834,1867,1958093350,0.000000,0.000000
ascii/array_value,1048576,2,96,0.051435083,1866,1957094071,0.000000,0.000000
ascii/array_value,1048576,3,96,0.051584834,1861,1951412619,0.000000,0.000000
ascii/array_value,1048576,4,96,0.051464250,1865,1955984902,0.000000,0.000000
ascii/array_value,1048576,5,96,0.050489416,1901,1993750453,0.000000,0.000000
ascii/array_value,1048576,6,96,0.050934500,1885,1976328343,0.000000,0.000000
ascii/identity_write,1048576,0,64,0.080612792,794,832484055,0.000000,0.000000
ascii/identity_write,1048576,1,64,0.081253167,788,825923056,0.000000,0.000000
ascii/identity_write,1048576,2,64,0.079984833,800,839019868,0.000000,0.000000
ascii/identity_write,1048576,3,64,0.081467791,786,823747191,0.000000,0.000000
ascii/identity_write,1048576,4,64,0.081348084,787,824959368,0.000000,0.000000
ascii/identity_write,1048576,5,64,0.081459459,786,823831447,0.000000,0.000000
ascii/identity_write,1048576,6,64,0.080527625,795,833364501,0.000000,0.000000
structured/validate,485,0,93152,0.050007166,1862773,903444918,0.000000,0.000000
structured/validate,485,1,100096,0.050005500,2001700,970824409,0.000000,0.000000
structured/validate,485,2,99872,0.050001417,1997383,968730946,0.000000,0.000000
structured/validate,485,3,99136,0.050006875,1982447,961486996,0.000000,0.000000
structured/validate,485,4,98272,0.050006667,1965178,953111312,0.000000,0.000000
structured/validate,485,5,98720,0.050015958,1973770,957278475,0.000000,0.000000
structured/validate,485,6,98656,0.050006792,1972852,956833224,0.000000,0.000000
structured/identity,485,0,98976,0.050004042,1979360,959989594,0.000000,0.000000
structured/identity,485,1,99264,0.050006791,1985010,962730042,0.000000,0.000000
structured/identity,485,2,98816,0.050011958,1975847,958286016,0.000000,0.000000
structured/identity,485,3,99264,0.050005625,1985057,962752490,0.000000,0.000000
structured/identity,485,4,98720,0.050007709,1974096,957436382,0.000000,0.000000
structured/identity,485,5,99808,0.050002959,1996042,968080309,0.000000,0.000000
structured/identity,485,6,98880,0.050005875,1977368,959023315,0.000000,0.000000
structured/shallow,485,0,98208,0.050012042,1963687,952388227,0.000000,0.000000
structured/shallow,485,1,97248,0.050011292,1944521,943092612,0.000000,0.000000
structured/shallow,485,2,97792,0.050014708,1955265,948303447,0.000000,0.000000
structured/shallow,485,3,97536,0.050002209,1950634,946057403,0.000000,0.000000
structured/shallow,485,4,98496,0.050012541,1969426,955171624,0.000000,0.000000
structured/shallow,485,5,98240,0.050004833,1964610,952835899,0.000000,0.000000
structured/shallow,485,6,98880,0.050000625,1977575,959124011,0.000000,0.000000
structured/nested,485,0,98368,0.050010042,1966965,953978003,0.000000,0.000000
structured/nested,485,1,97632,0.050009792,1952258,946844970,0.000000,0.000000
structured/nested,485,2,95520,0.050014750,1909837,926270750,0.000000,0.000000
structured/nested,485,3,96704,0.050009667,1933706,937847477,0.000000,0.000000
structured/nested,485,4,96928,0.050013959,1938019,939939188,0.000000,0.000000
structured/nested,485,5,96736,0.050008791,1934380,938174250,0.000000,0.000000
structured/nested,485,6,96288,0.050013209,1925251,933746923,0.000000,0.000000
structured/missing,485,0,98752,0.050015084,1974444,957605510,0.000000,0.000000
structured/missing,485,1,98272,0.050014833,1964857,952955696,0.000000,0.000000
structured/missing,485,2,98656,0.050010708,1972698,956758301,0.000000,0.000000
structured/missing,485,3,98848,0.050009875,1976570,958636269,0.000000,0.000000
structured/missing,485,4,98784,0.050003708,1975533,958133745,0.000000,0.000000
structured/missing,485,5,82624,0.050065542,1650317,800403599,0.000000,0.000000
structured/missing,485,6,96480,0.050012167,1929131,935628324,0.000000,0.000000
structured/array_value,485,0,97728,0.050012916,1954055,947716786,0.000000,0.000000
structured/array_value,485,1,98208,0.050008584,1963823,952454083,0.000000,0.000000
structured/array_value,485,2,98080,0.050010583,1961185,951174674,0.000000,0.000000
structured/array_value,485,3,97440,0.050015291,1948204,944879037,0.000000,0.000000
structured/array_value,485,4,97568,0.050012083,1950889,946180946,0.000000,0.000000
structured/array_value,485,5,97216,0.050006375,1944072,942874983,0.000000,0.000000
structured/array_value,485,6,98336,0.050004792,1966532,953767791,0.000000,0.000000
structured/identity_write,485,0,64320,0.050012667,1286074,623745980,0.000000,0.000000
structured/identity_write,485,1,63936,0.050008583,1278501,620072758,0.000000,0.000000
structured/identity_write,485,2,65216,0.050014500,1303942,632411801,0.000000,0.000000
structured/identity_write,485,3,64032,0.050004125,1280534,621059163,0.000000,0.000000
structured/identity_write,485,4,63776,0.050005042,1275391,618564824,0.000000,0.000000
structured/identity_write,485,5,64096,0.050000500,1281907,621724983,0.000000,0.000000
structured/identity_write,485,6,63296,0.050012625,1265600,613816211,0.000000,0.000000
unicode_escaped_keys/validate,960,0,58784,0.050007000,1175515,1128494811,0.000000,0.000000
unicode_escaped_keys/validate,960,1,57952,0.050013584,1158725,1112376190,0.000000,0.000000
unicode_escaped_keys/validate,960,2,57344,0.050006500,1146731,1100861688,0.000000,0.000000
unicode_escaped_keys/validate,960,3,56992,0.050021417,1139352,1093777891,0.000000,0.000000
unicode_escaped_keys/validate,960,4,57888,0.050011125,1157502,1111202357,0.000000,0.000000
unicode_escaped_keys/validate,960,5,57664,0.050009334,1153065,1106942156,0.000000,0.000000
unicode_escaped_keys/validate,960,6,57856,0.050001958,1157075,1110791701,0.000000,0.000000
unicode_escaped_keys/identity,960,0,57984,0.050024959,1159101,1112737344,0.000000,0.000000
unicode_escaped_keys/identity,960,1,58560,0.050007875,1171016,1124174942,0.000000,0.000000
unicode_escaped_keys/identity,960,2,59008,0.050018250,1179729,1132540223,0.000000,0.000000
unicode_escaped_keys/identity,960,3,58048,0.050011541,1160692,1114264405,0.000000,0.000000
unicode_escaped_keys/identity,960,4,58144,0.050023500,1162334,1115840355,0.000000,0.000000
unicode_escaped_keys/identity,960,5,58080,0.050011708,1161328,1114874941,0.000000,0.000000
unicode_escaped_keys/identity,960,6,58208,0.050025750,1163561,1117018336,0.000000,0.000000
unicode_escaped_keys/shallow,960,0,55232,0.050006000,1104507,1060327161,0.000000,0.000000
unicode_escaped_keys/shallow,960,1,55360,0.050008625,1107009,1062728679,0.000000,0.000000
unicode_escaped_keys/shallow,960,2,55040,0.050003292,1100728,1056698427,0.000000,0.000000
unicode_escaped_keys/shallow,960,3,56256,0.050011917,1124852,1079857827,0.000000,0.000000
unicode_escaped_keys/shallow,960,4,55808,0.050020417,1115704,1071076237,0.000000,0.000000
unicode_escaped_keys/shallow,960,5,56800,0.050020334,1135538,1090116671,0.000000,0.000000
unicode_escaped_keys/shallow,960,6,57472,0.050026708,1148826,1102873289,0.000000,0.000000
unicode_escaped_keys/nested,960,0,55936,0.050002250,1118670,1073922873,0.000000,0.000000
unicode_escaped_keys/nested,960,1,56000,0.050006875,1119846,1075052180,0.000000,0.000000
unicode_escaped_keys/nested,960,2,56288,0.050019458,1125322,1080309187,0.000000,0.000000
unicode_escaped_keys/nested,960,3,56352,0.050025625,1126463,1081404180,0.000000,0.000000
unicode_escaped_keys/nested,960,4,55200,0.050004084,1103910,1059753439,0.000000,0.000000
unicode_escaped_keys/nested,960,5,55264,0.050023916,1104752,1060561512,0.000000,0.000000
unicode_escaped_keys/nested,960,6,56512,0.050005125,1130124,1084919196,0.000000,0.000000
unicode_escaped_keys/missing,960,0,55264,0.050005417,1105160,1060953856,0.000000,0.000000
unicode_escaped_keys/missing,960,1,56800,0.050019500,1135557,1090134847,0.000000,0.000000
unicode_escaped_keys/missing,960,2,56384,0.050024750,1127122,1082037192,0.000000,0.000000
unicode_escaped_keys/missing,960,3,51520,0.050015792,1030075,988871675,0.000000,0.000000
unicode_escaped_keys/missing,960,4,57120,0.050015042,1142056,1096374167,0.000000,0.000000
unicode_escaped_keys/missing,960,5,55520,0.050007958,1110223,1065814365,0.000000,0.000000
unicode_escaped_keys/missing,960,6,55552,0.050012542,1110761,1066330922,0.000000,0.000000
unicode_escaped_keys/array_value,960,0,55424,0.050012875,1108195,1063866854,0.000000,0.000000
unicode_escaped_keys/array_value,960,1,56224,0.050020291,1124024,1079062895,0.000000,0.000000
unicode_escaped_keys/array_value,960,2,56576,0.050023958,1130978,1085738957,0.000000,0.000000
unicode_escaped_keys/array_value,960,3,56224,0.050020500,1124019,1079058386,0.000000,0.000000
unicode_escaped_keys/array_value,960,4,56384,0.050014583,1127351,1082257149,0.000000,0.000000
unicode_escaped_keys/array_value,960,5,55840,0.050000375,1116792,1072119959,0.000000,0.000000
unicode_escaped_keys/array_value,960,6,56384,0.050010583,1127441,1082343711,0.000000,0.000000
unicode_escaped_keys/identity_write,960,0,32192,0.050016292,643630,617885068,0.000000,0.000000
unicode_escaped_keys/identity_write,960,1,32512,0.050036750,649762,623771928,0.000000,0.000000
unicode_escaped_keys/identity_write,960,2,32480,0.050009125,649481,623502211,0.000000,0.000000
unicode_escaped_keys/identity_write,960,3,32704,0.050013084,653909,627752530,0.000000,0.000000
unicode_escaped_keys/identity_write,960,4,32768,0.050016250,655147,628941194,0.000000,0.000000
unicode_escaped_keys/identity_write,960,5,32608,0.050040834,651628,625562715,0.000000,0.000000
unicode_escaped_keys/identity_write,960,6,32160,0.050042875,642649,616942971,0.000000,0.000000
array/shallow,78,0,231360,0.050006750,4626575,360872882,0.000000,0.000000
array/shallow,78,1,234336,0.050002167,4686517,365548317,0.000000,0.000000
array/shallow,78,2,233280,0.050000500,4665553,363913161,0.000000,0.000000
array/shallow,78,3,235136,0.050001875,4702544,366798405,0.000000,0.000000
array/shallow,78,4,236288,0.050003959,4725386,368580096,0.000000,0.000000
array/shallow,78,5,236224,0.050002708,4724224,368489483,0.000000,0.000000
array/shallow,78,6,230656,0.050000708,4613055,359818265,0.000000,0.000000
array/nested,78,0,209024,0.050007333,4179867,326029624,0.000000,0.000000
array/nested,78,1,205408,0.050005584,4107701,320400698,0.000000,0.000000
array/nested,78,2,210304,0.050006625,4205523,328030776,0.000000,0.000000
array/nested,78,3,211392,0.050002666,4227615,329753938,0.000000,0.000000
array/nested,78,4,211840,0.050001166,4236701,330462694,0.000000,0.000000
array/nested,78,5,211392,0.050006208,4227315,329730581,0.000000,0.000000
array/nested,78,6,214720,0.050001584,4294264,334952589,0.000000,0.000000
array/flatten,78,0,233984,0.050006000,4679119,364971243,0.000000,0.000000
array/flatten,78,1,235584,0.050003083,4711389,367488381,0.000000,0.000000
array/flatten,78,2,236576,0.050002709,4731264,369038565,0.000000,0.000000
array/flatten,78,3,235296,0.050005708,4705383,367019861,0.000000,0.000000
array/flatten,78,4,230848,0.050002750,4616706,360103074,0.000000,0.000000
array/flatten,78,5,232512,0.050005292,4649748,362680334,0.000000,0.000000
array/flatten,78,6,235104,0.050005833,4701532,366719459,0.000000,0.000000
array/missing,78,0,237024,0.050002667,4740227,369737718,0.000000,0.000000
array/missing,78,1,235104,0.050003167,4701782,366739011,0.000000,0.000000
array/missing,78,2,234624,0.050005458,4691968,365973490,0.000000,0.000000
array/missing,78,3,236800,0.050006875,4735349,369357213,0.000000,0.000000
array/missing,78,4,236608,0.050006250,4731569,369062347,0.000000,0.000000
array/missing,78,5,237184,0.050001166,4743569,369998412,0.000000,0.000000
array/missing,78,6,236768,0.050005250,4734863,369319301,0.000000,0.000000
array/root,67,0,245248,0.050003708,4904596,328607950,0.000000,0.000000
array/root,67,1,250464,0.050005000,5008779,335588201,0.000000,0.000000
array/root,67,2,247808,0.050002875,4955875,332043627,0.000000,0.000000
array/root,67,3,247936,0.050002250,4958497,332219290,0.000000,0.000000
array/root,67,4,247776,0.050001958,4955326,332006839,0.000000,0.000000
array/root,67,5,251168,0.050002416,5023117,336548858,0.000000,0.000000
array/root,67,6,244832,0.050003209,4896326,328053826,0.000000,0.000000
array/cancel_first,78,0,235840,0.050005750,4716258,367868095,0.000000,0.000000
array/cancel_first,78,1,235520,0.050003584,4710062,367384866,0.000000,0.000000
array/cancel_first,78,2,236352,0.050004250,4726638,368677782,0.000000,0.000000
array/cancel_first,78,3,232160,0.050005500,4642689,362129766,0.000000,0.000000
array/cancel_first,78,4,236064,0.050003584,4720942,368233445,0.000000,0.000000
array/cancel_first,78,5,236704,0.050002167,4733875,369242237,0.000000,0.000000
array/cancel_first,78,6,237184,0.050006500,4743063,369958945,0.000000,0.000000
array/shallow,540,0,32800,0.050021500,655718,354087742,0.000000,0.000000
array/shallow,540,1,32832,0.050025500,656305,354404854,0.000000,0.000000
array/shallow,540,2,32512,0.050043416,649676,350824972,0.000000,0.000000
array/shallow,540,3,31936,0.050022625,638431,344752799,0.000000,0.000000
array/shallow,540,4,32608,0.050030917,651757,351948776,0.000000,0.000000
array/shallow,540,5,32896,0.050014250,657733,355175575,0.000000,0.000000
array/shallow,540,6,32896,0.050016750,657700,355157822,0.000000,0.000000
array/nested,540,0,28832,0.050009583,576530,311325931,0.000000,0.000000
array/nested,540,1,29472,0.050050542,588845,317976177,0.000000,0.000000
array/nested,540,2,29376,0.050007375,587433,317214011,0.000000,0.000000
array/nested,540,3,29536,0.050037958,590272,318746820,0.000000,0.000000
array/nested,540,4,29472,0.050008875,589335,318241112,0.000000,0.000000
array/nested,540,5,29088,0.050043500,581254,313877327,0.000000,0.000000
array/nested,540,6,29600,0.050006125,591927,319640844,0.000000,0.000000
array/flatten,540,0,30784,0.050024542,615378,332304092,0.000000,0.000000
array/flatten,540,1,31040,0.050030584,620421,335027071,0.000000,0.000000
array/flatten,540,2,30976,0.050008375,619416,334484774,0.000000,0.000000
array/flatten,540,3,30592,0.050010375,611713,330325058,0.000000,0.000000
array/flatten,540,4,30848,0.050037041,616503,332911772,0.000000,0.000000
array/flatten,540,5,31008,0.050008041,620060,334832552,0.000000,0.000000
array/flatten,540,6,30976,0.050009708,619400,334475858,0.000000,0.000000
array/missing,540,0,33568,0.050005292,671289,362496033,0.000000,0.000000
array/missing,540,1,33792,0.050015917,675625,364837458,0.000000,0.000000
array/missing,540,2,33696,0.050001083,673905,363908918,0.000000,0.000000
array/missing,540,3,33920,0.050012250,678234,366246270,0.000000,0.000000
array/missing,540,4,33888,0.050026667,677399,365795307,0.000000,0.000000
array/missing,540,5,33952,0.050038000,678524,366403134,0.000000,0.000000
array/missing,540,6,33696,0.050001833,673895,363903459,0.000000,0.000000
array/root,529,0,33088,0.050027667,661394,349877439,0.000000,0.000000
array/root,529,1,32480,0.050003083,649560,343617213,0.000000,0.000000
array/root,529,2,32928,0.050031042,658151,348162087,0.000000,0.000000
array/root,529,3,33152,0.050019209,662785,350613461,0.000000,0.000000
array/root,529,4,33120,0.050037292,661906,350148445,0.000000,0.000000
array/root,529,5,32928,0.050009583,658434,348311483,0.000000,0.000000
array/root,529,6,33120,0.050003541,662353,350384786,0.000000,0.000000
array/cancel_first,540,0,66112,0.050001417,1322203,713989366,0.000000,0.000000
array/cancel_first,540,1,67008,0.050004291,1340045,723624299,0.000000,0.000000
array/cancel_first,540,2,67040,0.050019875,1340267,723744312,0.000000,0.000000
array/cancel_first,540,3,67136,0.050006875,1342535,724969117,0.000000,0.000000
array/cancel_first,540,4,66944,0.050002334,1338818,722961452,0.000000,0.000000
array/cancel_first,540,5,66336,0.050004417,1326603,716365516,0.000000,0.000000
array/cancel_first,540,6,66048,0.050009583,1320707,713181712,0.000000,0.000000
array/shallow,1074,0,16128,0.050035583,322331,346183075,0.000000,0.000000
array/shallow,1074,1,16032,0.050038167,320395,344104691,0.000000,0.000000
array/shallow,1074,2,16064,0.050007334,321233,345004115,0.000000,0.000000
array/shallow,1074,3,16064,0.050041583,321013,344767990,0.000000,0.000000
array/shallow,1074,4,16064,0.050010541,321212,344981991,0.000000,0.000000
array/shallow,1074,5,16128,0.050006625,322517,346383544,0.000000,0.000000
array/shallow,1074,6,16064,0.050048667,320968,344719191,0.000000,0.000000
array/nested,1074,0,14240,0.050084583,284319,305358637,0.000000,0.000000
array/nested,1074,1,14432,0.050082250,288166,309490249,0.000000,0.000000
array/nested,1074,2,14240,0.050002292,284787,305861179,0.000000,0.000000
array/nested,1074,3,14432,0.050092625,288106,309426148,0.000000,0.000000
array/nested,1074,4,14368,0.050073625,286937,308170858,0.000000,0.000000
array/nested,1074,5,14048,0.050024375,280823,301604008,0.000000,0.000000
array/nested,1074,6,13920,0.050025750,278257,298847693,0.000000,0.000000
array/flatten,1074,0,14784,0.050005416,295648,317525926,0.000000,0.000000
array/flatten,1074,1,14848,0.050047375,296679,318633135,0.000000,0.000000
array/flatten,1074,2,15072,0.050070292,301017,323292063,0.000000,0.000000
array/flatten,1074,3,15136,0.050080875,302231,324596246,0.000000,0.000000
array/flatten,1074,4,15104,0.050028375,301909,324249908,0.000000,0.000000
array/flatten,1074,5,15136,0.050029292,302543,324930922,0.000000,0.000000
array/flatten,1074,6,15168,0.050033042,303160,325593475,0.000000,0.000000
array/missing,1074,0,16320,0.050084333,325850,349963331,0.000000,0.000000
array/missing,1074,1,15648,0.050091709,312387,335503666,0.000000,0.000000
array/missing,1074,2,13984,0.050026917,279530,300214702,0.000000,0.000000
array/missing,1074,3,16224,0.050080959,323955,347928162,0.000000,0.000000
array/missing,1074,4,16000,0.050100041,319361,342993731,0.000000,0.000000
array/missing,1074,5,15840,0.050051458,316474,339893395,0.000000,0.000000
array/missing,1074,6,16000,0.050028750,319816,343482498,0.000000,0.000000
array/root,1063,0,15616,0.050069167,311889,331537531,0.000000,0.000000
array/root,1063,1,15680,0.050006125,313562,333315969,0.000000,0.000000
array/root,1063,2,15872,0.050026542,317272,337259689,0.000000,0.000000
array/root,1063,3,15840,0.050089667,316233,336155559,0.000000,0.000000
array/root,1063,4,15840,0.050091792,316219,336141298,0.000000,0.000000
array/root,1063,5,15840,0.050013209,316716,336669459,0.000000,0.000000
array/root,1063,6,16096,0.050024084,321765,342036208,0.000000,0.000000
array/cancel_first,1074,0,38656,0.050039167,772515,829680958,0.000000,0.000000
array/cancel_first,1074,1,38848,0.050037791,776373,833824819,0.000000,0.000000
array/cancel_first,1074,2,38752,0.050014583,774814,832150255,0.000000,0.000000
array/cancel_first,1074,3,39744,0.050028459,794428,853215487,0.000000,0.000000
array/cancel_first,1074,4,39776,0.050037542,794923,853747452,0.000000,0.000000
array/cancel_first,1074,5,39904,0.050037125,797488,856501967,0.000000,0.000000
array/cancel_first,1074,6,39616,0.050032875,791799,850392547,0.000000,0.000000
array/shallow,8606,0,2112,0.050605666,41734,359166738,0.000000,0.000000
array/shallow,8606,1,2112,0.050548917,41781,359569959,0.000000,0.000000
array/shallow,8606,2,2112,0.050358458,41939,360929876,0.000000,0.000000
array/shallow,8606,3,2080,0.050314916,41340,355768854,0.000000,0.000000
array/shallow,8606,4,2080,0.050503750,41185,354438631,0.000000,0.000000
array/shallow,8606,5,2112,0.050340541,41954,361058337,0.000000,0.000000
array/shallow,8606,6,2144,0.050631250,42345,364424422,0.000000,0.000000
array/nested,8606,0,1920,0.050815667,37784,325165859,0.000000,0.000000
array/nested,8606,1,1856,0.050104917,37042,318785799,0.000000,0.000000
array/nested,8606,2,1888,0.050755708,37198,320124152,0.000000,0.000000
array/nested,8606,3,1888,0.050393375,37465,322425874,0.000000,0.000000
array/nested,8606,4,1888,0.050219541,37595,323541946,0.000000,0.000000
array/nested,8606,5,1888,0.050452500,37421,322048025,0.000000,0.000000
array/nested,8606,6,1888,0.050522791,37369,321599969,0.000000,0.000000
array/flatten,8606,0,1984,0.050480375,39302,338236473,0.000000,0.000000
array/flatten,8606,1,1920,0.050291709,38177,328553559,0.000000,0.000000
array/flatten,8606,2,1920,0.050108875,38317,329752364,0.000000,0.000000
array/flatten,8606,3,1952,0.050338417,38778,333719513,0.000000,0.000000
array/flatten,8606,4,1952,0.050088417,38971,335385165,0.000000,0.000000
array/flatten,8606,5,1984,0.050680417,39147,336901411,0.000000,0.000000
array/flatten,8606,6,1984,0.050298792,39444,339457536,0.000000,0.000000
array/missing,8606,0,2176,0.050560292,43038,370382671,0.000000,0.000000
array/missing,8606,1,2176,0.050299875,43261,372300249,0.000000,0.000000
array/missing,8606,2,2208,0.050682292,43566,374924796,0.000000,0.000000
array/missing,8606,3,2208,0.050581458,43652,375672208,0.000000,0.000000
array/missing,8606,4,2176,0.050051417,43475,374148368,0.000000,0.000000
array/missing,8606,5,2208,0.050718708,43534,374655600,0.000000,0.000000
array/missing,8606,6,2176,0.050190791,43355,373109402,0.000000,0.000000
array/root,8595,0,2112,0.050217958,42057,361477064,0.000000,0.000000
array/root,8595,1,2112,0.050477084,41841,359621408,0.000000,0.000000
array/root,8595,2,2144,0.050754000,42243,363078378,0.000000,0.000000
array/root,8595,3,2112,0.050149833,42114,361968105,0.000000,0.000000
array/root,8595,4,2144,0.050389583,42548,365704158,0.000000,0.000000
array/root,8595,5,2112,0.050250500,42029,361242973,0.000000,0.000000
array/root,8595,6,2144,0.050145375,42756,367485137,0.000000,0.000000
array/cancel_first,8606,0,6560,0.050033000,131113,1128362481,0.000000,0.000000
array/cancel_first,8606,1,6592,0.050184208,131356,1130450280,0.000000,0.000000
array/cancel_first,8606,2,6240,0.050231083,124226,1069087839,0.000000,0.000000
array/cancel_first,8606,3,6368,0.050054042,127222,1094876773,0.000000,0.000000
array/cancel_first,8606,4,6432,0.050181000,128176,1103082681,0.000000,0.000000
array/cancel_first,8606,5,6528,0.050204292,130029,1119027194,0.000000,0.000000
array/cancel_first,8606,6,6624,0.050076583,132277,1138379270,0.000000,0.000000
array/shallow,69558,0,288,0.055785959,5163,359099393,0.000000,0.000000
array/shallow,69558,1,288,0.054180375,5316,369740962,0.000000,0.000000
array/shallow,69558,2,288,0.054502500,5284,367555690,0.000000,0.000000
array/shallow,69558,3,288,0.053762667,5357,372613658,0.000000,0.000000
array/shallow,69558,4,288,0.053690542,5364,373114207,0.000000,0.000000
array/shallow,69558,5,288,0.054050917,5328,370626533,0.000000,0.000000
array/shallow,69558,6,288,0.053921958,5341,371512919,0.000000,0.000000
array/nested,69558,0,256,0.054696792,4680,325555619,0.000000,0.000000
array/nested,69558,1,256,0.054681292,4682,325647902,0.000000,0.000000
array/nested,69558,2,256,0.054282834,4716,328038289,0.000000,0.000000
array/nested,69558,3,256,0.053615334,4775,332122299,0.000000,0.000000
array/nested,69558,4,256,0.053658084,4771,331857694,0.000000,0.000000
array/nested,69558,5,256,0.054243375,4719,328276919,0.000000,0.000000
array/nested,69558,6,256,0.054851542,4667,324637145,0.000000,0.000000
array/flatten,69558,0,256,0.052325334,4892,340310260,0.000000,0.000000
array/flatten,69558,1,256,0.051941125,4929,342827538,0.000000,0.000000
array/flatten,69558,2,256,0.052046250,4919,342135082,0.000000,0.000000
array/flatten,69558,3,256,0.051607833,4960,345041575,0.000000,0.000000
array/flatten,69558,4,256,0.051506083,4970,345723203,0.000000,0.000000
array/flatten,69558,5,256,0.051137875,5006,348212514,0.000000,0.000000
array/flatten,69558,6,256,0.051101750,5010,348458673,0.000000,0.000000
array/missing,69558,0,288,0.052919500,5442,378550515,0.000000,0.000000
array/missing,69558,1,288,0.053262584,5407,376112132,0.000000,0.000000
array/missing,69558,2,288,0.052983667,5436,378092064,0.000000,0.000000
array/missing,69558,3,288,0.052966375,5437,378215500,0.000000,0.000000
array/missing,69558,4,288,0.052777709,5457,379567518,0.000000,0.000000
array/missing,69558,5,288,0.053278042,5406,376003007,0.000000,0.000000
array/missing,69558,6,288,0.052531250,5482,381348321,0.000000,0.000000
array/root,69547,0,288,0.053728584,5360,372791064,0.000000,0.000000
array/root,69547,1,288,0.054333083,5301,368643465,0.000000,0.000000
array/root,69547,2,288,0.054377500,5296,368342347,0.000000,0.000000
array/root,69547,3,288,0.055287458,5209,362279923,0.000000,0.000000
array/root,69547,4,288,0.055095250,5227,363543790,0.000000,0.000000
array/root,69547,5,288,0.054681000,5267,366297910,0.000000,0.000000
array/root,69547,6,288,0.054422584,5292,368037210,0.000000,0.000000
array/cancel_first,69558,0,864,0.051204083,16874,1173697652,0.000000,0.000000
array/cancel_first,69558,1,864,0.050913959,16970,1180385756,0.000000,0.000000
array/cancel_first,69558,2,896,0.051818292,17291,1202740685,0.000000,0.000000
array/cancel_first,69558,3,896,0.051825750,17289,1202567604,0.000000,0.000000
array/cancel_first,69558,4,896,0.051755166,17312,1204207673,0.000000,0.000000
array/cancel_first,69558,5,864,0.050508917,17106,1189851527,0.000000,0.000000
array/cancel_first,69558,6,864,0.050044667,17265,1200889437,0.000000,0.000000
array/shallow,1135782,0,32,0.096772750,331,375570850,0.000000,0.000000
array/shallow,1135782,1,32,0.097149041,329,374116138,0.000000,0.000000
array/shallow,1135782,2,32,0.097159042,329,374077628,0.000000,0.000000
array/shallow,1135782,3,32,0.097070625,330,374418358,0.000000,0.000000
array/shallow,1135782,4,32,0.098716417,324,368176086,0.000000,0.000000
array/shallow,1135782,5,32,0.097736292,327,371868251,0.000000,0.000000
array/shallow,1135782,6,32,0.099231125,322,366266371,0.000000,0.000000
array/nested,1135782,0,32,0.110263875,290,329618599,0.000000,0.000000
array/nested,1135782,1,32,0.108749875,294,334207501,0.000000,0.000000
array/nested,1135782,2,32,0.108068416,296,336314951,0.000000,0.000000
array/nested,1135782,3,32,0.110345416,290,329375024,0.000000,0.000000
array/nested,1135782,4,32,0.109612250,292,331578122,0.000000,0.000000
array/nested,1135782,5,32,0.110286334,290,329551475,0.000000,0.000000
array/nested,1135782,6,32,0.109247375,293,332685559,0.000000,0.000000
array/flatten,1135782,0,32,0.103691500,309,350511122,0.000000,0.000000
array/flatten,1135782,1,32,0.102766750,311,353665208,0.000000,0.000000
array/flatten,1135782,2,32,0.103898750,308,349811947,0.000000,0.000000
array/flatten,1135782,3,32,0.105474666,303,344585343,0.000000,0.000000
array/flatten,1135782,4,32,0.104605708,306,347447808,0.000000,0.000000
array/flatten,1135782,5,32,0.104502583,306,347790676,0.000000,0.000000
array/flatten,1135782,6,32,0.104736833,306,347012822,0.000000,0.000000
array/missing,1135782,0,32,0.095813042,334,379332743,0.000000,0.000000
array/missing,1135782,1,32,0.095681541,334,379854083,0.000000,0.000000
array/missing,1135782,2,32,0.094918500,337,382907694,0.000000,0.000000
array/missing,1135782,3,32,0.095617833,335,380107171,0.000000,0.000000
array/missing,1135782,4,32,0.093696583,342,387901275,0.000000,0.000000
array/missing,1135782,5,32,0.095153250,336,381963033,0.000000,0.000000
array/missing,1135782,6,32,0.096308250,332,377382249,0.000000,0.000000
array/root,1135771,0,32,0.098642583,324,368448097,0.000000,0.000000
array/root,1135771,1,32,0.098107334,326,370458257,0.000000,0.000000
array/root,1135771,2,32,0.096212333,333,377754814,0.000000,0.000000
array/root,1135771,3,32,0.097465208,328,372898932,0.000000,0.000000
array/root,1135771,4,32,0.097151792,329,374101921,0.000000,0.000000
array/root,1135771,5,32,0.096805042,331,375441932,0.000000,0.000000
array/root,1135771,6,32,0.095629000,335,380059103,0.000000,0.000000
array/cancel_first,1135782,0,64,0.061214000,1046,1187474238,0.000000,0.000000
array/cancel_first,1135782,1,64,0.061705791,1037,1178010148,0.000000,0.000000
array/cancel_first,1135782,2,64,0.060709750,1054,1197337298,0.000000,0.000000
array/cancel_first,1135782,3,64,0.060899042,1051,1193615624,0.000000,0.000000
array/cancel_first,1135782,4,64,0.060891333,1051,1193766739,0.000000,0.000000
array/cancel_first,1135782,5,64,0.060872334,1051,1194139328,0.000000,0.000000
array/cancel_first,1135782,6,64,0.060041167,1066,1210670139,0.000000,0.000000
array/nested_contexts,972,0,9152,0.050099500,182676,177561533,0.000000,0.000000
array/nested_contexts,972,1,9184,0.050088667,183355,178220914,0.000000,0.000000
array/nested_contexts,972,2,9216,0.050111708,183909,178759662,0.000000,0.000000
array/nested_contexts,972,3,9248,0.050080333,184663,179492736,0.000000,0.000000
array/nested_contexts,972,4,9216,0.050090166,183988,178836540,0.000000,0.000000
array/nested_contexts,972,5,9248,0.050140042,184443,179278988,0.000000,0.000000
array/nested_contexts,972,6,9248,0.050106000,184569,179400790,0.000000,0.000000
array/sparse,785,0,13504,0.050085917,269617,211649115,0.000000,0.000000
array/sparse,785,1,13696,0.050042916,273685,214842796,0.000000,0.000000
array/sparse,785,2,13792,0.050101083,275283,216097524,0.000000,0.000000
array/sparse,785,3,13792,0.050069208,275459,216235096,0.000000,0.000000
array/sparse,785,4,13728,0.050033500,274376,215385292,0.000000,0.000000
array/sparse,785,5,13856,0.050003583,277100,217523612,0.000000,0.000000
array/sparse,785,6,13952,0.050036542,278836,218886429,0.000000,0.000000
array/deep,136,0,4000,0.050019458,79969,10875768,0.000000,0.000000
array/deep,136,1,4096,0.050288125,81451,11077287,0.000000,0.000000
array/deep,136,2,4160,0.050289416,82721,11250081,0.000000,0.000000
array/deep,136,3,4064,0.050203250,80951,11009327,0.000000,0.000000
array/deep,136,4,4064,0.050044542,81208,11044241,0.000000,0.000000
array/deep,136,5,4032,0.050155000,80391,10933147,0.000000,0.000000
array/deep,136,6,4032,0.050221709,80284,10918625,0.000000,0.000000
array/empty,2,0,3923776,0.050000083,78475390,156950779,0.000000,0.000000
array/empty,2,1,2584128,0.050000125,51682431,103364862,0.000000,0.000000
array/empty,2,2,3784064,0.050000375,75680712,151361425,0.000000,0.000000
array/empty,2,3,3925920,0.050000166,78518139,157036279,0.000000,0.000000
array/empty,2,4,3939680,0.050000416,78792944,157585889,0.000000,0.000000
array/empty,2,5,3937344,0.050000042,78746814,157493628,0.000000,0.000000
array/empty,2,6,3935264,0.050000208,78704953,157409905,0.000000,0.000000
array/singleton,12,0,849568,0.050000000,16991360,203896320,0.000000,0.000000
array/singleton,12,1,864992,0.050000750,17299581,207594966,0.000000,0.000000
array/singleton,12,2,859456,0.050001208,17188705,206264457,0.000000,0.000000
array/singleton,12,3,870624,0.050000333,17412364,208948368,0.000000,0.000000
array/singleton,12,4,869568,0.050001125,17390969,208691624,0.000000,0.000000
array/singleton,12,5,851744,0.050001833,17034256,204411066,0.000000,0.000000
array/singleton,12,6,849440,0.050001042,16988446,203861352,0.000000,0.000000
array/nested_values,31,0,281504,0.050000250,5630052,174531607,0.000000,0.000000
array/nested_values,31,1,278752,0.050004542,5574534,172810542,0.000000,0.000000
array/nested_values,31,2,278272,0.050005334,5564846,172510237,0.000000,0.000000
array/nested_values,31,3,278656,0.050000333,5573083,172765569,0.000000,0.000000
array/nested_values,31,4,277184,0.050000125,5543666,171853650,0.000000,0.000000
array/nested_values,31,5,277184,0.050000375,5543638,171852791,0.000000,0.000000
array/nested_values,31,6,278176,0.050000666,5563446,172466823,0.000000,0.000000
